parent,child,site,snp,dimer
Node3,Node4,241,A->C,
Node3,Node4,37379,C->A,
Node3,Node4,127648,A->G,
Node3,Node4,140473,T->C,
Node3,Node4,152010,G->A,GC
Node3,Node4,172022,A->G,
Node3,Node4,178933,A->G,
Node3,Node4,187600,G->A,GC
Node4,Node5,1030,G->A,GA
Node4,Node5,16196,G->T,
Node4,Node5,74384,C->T,TC
Node4,Node5,186631,G->T,
Node4,Node5,188518,G->A,GC
Node5,Node7,7732,C->A,
Node7,Node8,23448,A->G,
Node7,Node8,48566,G->A,GC
Node7,Node8,59282,G->A,GT
Node7,Node8,65664,C->T,AC
Node7,Node8,86071,G->A,GC
Node7,Node8,113943,C->T,GC
Node7,Node8,140728,G->A,GA
Node7,Node8,147889,A->C,
Node7,Node8,168929,G->T,
Node7,Node8,177066,C->T,GC
Node7,Node8,185470,G->A,GA
Node8,Node9,4355,G->A,GC
Node8,Node9,20686,A->G,
Node8,Node9,28368,G->A,GC
Node8,Node9,28694,G->A,GC
Node8,Node9,38435,C->T,GC
Node8,Node9,42407,T->C,
Node8,Node9,49069,G->A,GC
Node8,Node9,76875,A->C,
Node8,Node9,93991,G->A,GT
Node8,Node9,110944,C->T,GC
Node8,Node9,120707,G->A,GT
Node8,Node9,135635,C->T,AC
Node8,Node9,140542,G->A,GT
Node8,Node9,140836,C->A,
Node8,Node9,148485,C->T,AC
Node8,Node9,150042,C->T,GC
Node8,Node9,153601,C->T,AC
Node8,Node9,159985,C->T,TC
Node8,Node9,177626,G->A,GT
Node8,Node9,181407,C->T,TC
Node8,Node9,182793,G->A,GA
Node8,Node9,188618,G->A,GC
Node9,18MPX0083S|Homo_sapiens|DRC|Haut-Uele|Isiro|cz|2018-01-11,117835,G->T,
Node9,18MPX0083S|Homo_sapiens|DRC|Haut-Uele|Isiro|cz|2018-01-11,189311,G->A,GA
Node9,Node10,122794,G->A,GT
Node9,Node10,125333,G->C,
Node9,Node10,144664,C->A,
Node10,Node11,7398,C->A,
Node10,Node11,180220,G->A,GA
Node10,Node11,189987,G->C,
Node10,22MPX0486C|Homo_sapiens|DRC|Haut-Uele|Isiro|cz|2022-09-03,17638,C->A,
Node8,Node13,17574,T->G,
Node8,Node13,29640,G->A,GC
Node8,Node13,74846,C->T,TC
Node8,Node13,75955,C->T,AC
Node8,Node13,112784,G->T,
Node8,Node13,157859,T->C,
Node8,Node13,174092,T->C,
Node8,Node13,178933,G->A,GT
Node8,Node13,180783,G->A,GT
Node8,Node13,184806,C->T,AC
Node13,Node14,3050,G->A,GC
Node13,Node14,74564,G->A,GT
Node13,Node14,106240,T->C,
Node13,Node14,148732,T->G,
Node13,Node14,149033,G->A,GA
Node13,Node14,180060,C->T,AC
Node14,18MPX0175C|Homo_sapiens|DRC|Bas-Uele|Titule|cz|2018-02-12,41428,G->A,GG
Node14,18MPX0175C|Homo_sapiens|DRC|Bas-Uele|Titule|cz|2018-02-12,50509,C->T,AC
Node14,18MPX0175C|Homo_sapiens|DRC|Bas-Uele|Titule|cz|2018-02-12,144033,G->A,GC
Node14,22MPX0139V|Homo_sapiens|DRC|Haut-Uele|Isiro|cz|2022-06-07,70144,C->A,
Node14,22MPX0139V|Homo_sapiens|DRC|Haut-Uele|Isiro|cz|2022-06-07,81248,G->A,GA
Node14,22MPX0139V|Homo_sapiens|DRC|Haut-Uele|Isiro|cz|2022-06-07,148757,T->A,
Node14,22MPX0139V|Homo_sapiens|DRC|Haut-Uele|Isiro|cz|2022-06-07,159479,C->T,TC
Node14,22MPX0139V|Homo_sapiens|DRC|Haut-Uele|Isiro|cz|2022-06-07,171657,A->C,
Node14,Node16,241,C->A,
Node14,Node16,7659,C->A,
Node14,Node16,23728,G->A,GA
Node14,Node16,66442,A->G,
Node14,Node16,76964,C->T,TC
Node14,Node16,114416,C->T,GC
Node14,Node16,176200,G->A,GT
Node16,23MPX0469C|Homo_sapiens|DRC|Haut-Uele|Pawa|cz|2023-03-30,19145,G->A,GA
Node13,Node17,9253,C->T,TC
Node13,Node17,16517,C->T,TC
Node13,Node17,24178,C->T,GC
Node13,Node17,36051,A->G,
Node13,Node17,40028,C->T,GC
Node13,Node17,87349,C->A,
Node13,Node17,112136,T->C,
Node13,Node17,127595,G->A,GG
Node13,Node17,141961,C->T,AC
Node13,Node17,141962,A->T,
Node13,Node17,144658,G->A,GG
Node13,Node17,145715,T->C,
Node13,Node17,148710,G->T,
Node13,Node17,148711,G->T,
Node13,Node17,157766,A->T,
Node13,Node17,173188,G->A,GT
Node13,Node17,182287,T->G,
Node17,23MPX0126V|Homo_sapiens|DRC|Tshopo|Bafwasende|cz|2023-01-23,5099,C->G,
Node8,Node23,2490,C->T,AC
Node8,Node23,7925,A->G,
Node8,Node23,9310,A->G,
Node8,Node23,9764,C->T,CC
Node8,Node23,24171,G->T,
Node8,Node23,36773,G->A,GT
Node8,Node23,39296,A->G,
Node8,Node23,79694,T->A,
Node8,Node23,90820,G->A,GT
Node8,Node23,136003,T->C,
Node8,Node23,148732,T->G,
Node8,Node23,157535,C->A,
Node8,Node23,162048,G->A,GT
Node8,Node23,169824,A->T,
Node8,Node23,181171,A->G,
Node8,Node23,183120,C->A,
Node8,Node23,190390,A->T,
Node23,Node24,189952,G->A,GC
Node24,23MPX0011C|Homo_sapiens|DRC|Sankuru|Lodja|cz|2022-11-23,7426,G->A,GT
Node24,23MPX0011C|Homo_sapiens|DRC|Sankuru|Lodja|cz|2022-11-23,10972,C->T,GC
Node24,23MPX0011C|Homo_sapiens|DRC|Sankuru|Lodja|cz|2022-11-23,15646,C->A,
Node24,23MPX0011C|Homo_sapiens|DRC|Sankuru|Lodja|cz|2022-11-23,61622,T->C,
Node24,23MPX0011C|Homo_sapiens|DRC|Sankuru|Lodja|cz|2022-11-23,81001,C->T,TC
Node24,23MPX0011C|Homo_sapiens|DRC|Sankuru|Lodja|cz|2022-11-23,89852,G->A,GC
Node24,23MPX0011C|Homo_sapiens|DRC|Sankuru|Lodja|cz|2022-11-23,103847,C->T,AC
Node24,23MPX0011C|Homo_sapiens|DRC|Sankuru|Lodja|cz|2022-11-23,146862,C->T,CC
Node24,23MPX0011C|Homo_sapiens|DRC|Sankuru|Lodja|cz|2022-11-23,176453,T->C,
Node24,Node26,12014,C->A,
Node24,Node26,16259,G->T,
Node24,Node26,17123,G->T,
Node24,Node26,26491,C->T,GC
Node24,Node26,35175,A->G,
Node24,Node26,73325,A->G,
Node24,Node26,102121,C->A,
Node24,Node26,147829,G->A,GG
Node24,Node26,148323,C->T,CC
Node24,Node26,169095,G->A,GA
Node24,Node26,177307,G->T,
Node26,Node28,7425,C->T,GC
Node26,Node28,15662,G->A,GC
Node26,Node28,68924,C->T,GC
Node26,Node28,82014,G->A,GA
Node28,23MPX0072C|Homo_sapiens|DRC|Tshopo|Tshopo|cz|2023-01-13,5931,A->G,
Node28,23MPX0072C|Homo_sapiens|DRC|Tshopo|Tshopo|cz|2023-01-13,12268,G->A,GT
Node28,23MPX0072C|Homo_sapiens|DRC|Tshopo|Tshopo|cz|2023-01-13,34325,C->G,
Node28,23MPX0072C|Homo_sapiens|DRC|Tshopo|Tshopo|cz|2023-01-13,92553,G->A,GC
Node28,23MPX0462V|Homo_sapiens|DRC|Tshopo|Wanie-Rukula|cz|2023-04-13,6654,G->A,GG
Node28,23MPX0462V|Homo_sapiens|DRC|Tshopo|Wanie-Rukula|cz|2023-04-13,8527,G->A,GT
Node28,23MPX0462V|Homo_sapiens|DRC|Tshopo|Wanie-Rukula|cz|2023-04-13,19592,G->A,GC
Node28,23MPX0462V|Homo_sapiens|DRC|Tshopo|Wanie-Rukula|cz|2023-04-13,136697,G->A,GA
Node28,23MPX0462V|Homo_sapiens|DRC|Tshopo|Wanie-Rukula|cz|2023-04-13,143971,C->T,GC
Node28,23MPX0462V|Homo_sapiens|DRC|Tshopo|Wanie-Rukula|cz|2023-04-13,154662,C->T,GC
Node26,Node32,30763,G->A,GC
Node26,Node32,74885,C->T,GC
Node26,Node32,77084,C->A,
Node26,Node32,139574,G->A,GG
Node26,Node32,150201,A->T,
Node26,Node32,165227,C->T,GC
Node26,Node32,179550,C->T,TC
Node32,Node33,1456,C->A,
Node32,Node33,115074,G->A,GT
Node33,23MPX0079V|Homo_sapiens|DRC|Tshopo|Yakusu|cz|2022-12-29,4611,A->G,
Node33,23MPX0079V|Homo_sapiens|DRC|Tshopo|Yakusu|cz|2022-12-29,102922,C->T,TC
Node32,Node39,141988,T->C,
Node26,Node29,126426,C->T,AC
Node29,Node31,6420,G->T,
Node29,Node31,24407,G->A,GC
Node29,Node31,64110,G->A,GC
Node29,Node31,71604,G->A,GG
Node29,Node31,106804,C->T,CC
Node29,Node31,122037,C->A,
Node29,Node31,126404,C->A,
Node29,Node31,150458,T->C,
Node29,Node31,161562,T->G,
Node24,Node40,2517,A->G,
Node24,Node40,10842,A->T,
Node24,Node40,34436,G->A,GC
Node24,Node40,61391,G->T,
Node24,Node40,63088,T->C,
Node24,Node40,99671,C->T,AC
Node24,Node40,103491,T->C,
Node24,Node40,120840,C->T,TC
Node24,Node40,144658,G->A,GG
Node24,Node40,169679,T->G,
Node24,Node40,171595,G->A,GC
Node24,Node40,178933,G->A,GT
Node40,23MPX0367C|Homo_sapiens|DRC|Tshopo|Wanie-Rukula|cz|2023-04-05,19360,G->A,GA
Node40,23MPX0367C|Homo_sapiens|DRC|Tshopo|Wanie-Rukula|cz|2023-04-05,49645,C->T,AC
Node40,23MPX0367C|Homo_sapiens|DRC|Tshopo|Wanie-Rukula|cz|2023-04-05,94614,A->C,
Node40,23MPX0367C|Homo_sapiens|DRC|Tshopo|Wanie-Rukula|cz|2023-04-05,133936,A->G,
Node40,23MPX1506V|Homo_sapiens|DRC|Tshopo|Wanie-Rukula|cz|2023-10-05,118901,A->G,
Node40,24MPX0581V|Homo_sapiens|Tshopo|Yakusu|cz|2024-02-05,5477,C->T,TC
Node40,24MPX0581V|Homo_sapiens|Tshopo|Yakusu|cz|2024-02-05,12460,G->A,GC
Node40,24MPX0581V|Homo_sapiens|Tshopo|Yakusu|cz|2024-02-05,60233,C->T,GC
Node40,24MPX0581V|Homo_sapiens|Tshopo|Yakusu|cz|2024-02-05,83289,T->G,
Node40,24MPX0581V|Homo_sapiens|Tshopo|Yakusu|cz|2024-02-05,87976,A->C,
Node40,24MPX0581V|Homo_sapiens|Tshopo|Yakusu|cz|2024-02-05,149774,G->A,GG
Node23,MT724771|Funisciurus_bayonii|DRC|Tshopo||bg|2014-01-01,10410,C->A,
Node23,MT724771|Funisciurus_bayonii|DRC|Tshopo||bg|2014-01-01,10411,C->G,
Node23,MT724771|Funisciurus_bayonii|DRC|Tshopo||bg|2014-01-01,10964,T->C,
Node23,MT724771|Funisciurus_bayonii|DRC|Tshopo||bg|2014-01-01,13605,C->T,CC
Node23,MT724771|Funisciurus_bayonii|DRC|Tshopo||bg|2014-01-01,20208,C->A,
Node23,MT724771|Funisciurus_bayonii|DRC|Tshopo||bg|2014-01-01,42528,A->G,
Node23,MT724771|Funisciurus_bayonii|DRC|Tshopo||bg|2014-01-01,71503,C->T,CC
Node23,MT724771|Funisciurus_bayonii|DRC|Tshopo||bg|2014-01-01,78963,G->T,
Node23,MT724771|Funisciurus_bayonii|DRC|Tshopo||bg|2014-01-01,81215,G->A,GC
Node23,MT724771|Funisciurus_bayonii|DRC|Tshopo||bg|2014-01-01,95470,T->G,
Node23,MT724771|Funisciurus_bayonii|DRC|Tshopo||bg|2014-01-01,133381,T->A,
Node23,MT724771|Funisciurus_bayonii|DRC|Tshopo||bg|2014-01-01,142458,T->A,
Node23,MT724771|Funisciurus_bayonii|DRC|Tshopo||bg|2014-01-01,154756,A->T,
Node23,MT724771|Funisciurus_bayonii|DRC|Tshopo||bg|2014-01-01,155166,C->A,
Node23,MT724771|Funisciurus_bayonii|DRC|Tshopo||bg|2014-01-01,169501,T->A,
Node23,MT724771|Funisciurus_bayonii|DRC|Tshopo||bg|2014-01-01,169502,T->C,
Node23,MT724771|Funisciurus_bayonii|DRC|Tshopo||bg|2014-01-01,169508,G->C,
Node23,MT724771|Funisciurus_bayonii|DRC|Tshopo||bg|2014-01-01,169512,G->T,
Node23,MT724771|Funisciurus_bayonii|DRC|Tshopo||bg|2014-01-01,169514,A->C,
Node23,MT724771|Funisciurus_bayonii|DRC|Tshopo||bg|2014-01-01,172924,G->A,GA
Node23,MT724771|Funisciurus_bayonii|DRC|Tshopo||bg|2014-01-01,190098,T->A,
Node7,Node42,169500,G->A,GT
Node7,Node42,169501,T->A,
Node42,Node43,826,C->T,TC
Node42,Node43,118195,C->T,AC
Node42,Node43,149978,G->A,GT
Node42,Node43,150201,A->T,
Node42,Node43,154113,G->A,GT
Node42,Node43,157592,C->A,
Node42,Node43,168929,G->T,
Node42,Node43,176367,C->T,AC
Node42,Node43,177394,C->T,TC
Node42,Node43,178923,A->G,
Node42,Node43,186579,G->T,
Node43,Node44,4011,G->A,GA
Node43,Node44,13003,G->A,GT
Node43,Node44,87352,G->A,GT
Node43,Node44,152341,G->A,GA
Node43,Node44,158265,G->A,GT
Node44,Node45,10121,A->G,
Node44,Node45,15967,C->T,AC
Node44,Node45,20741,C->T,GC
Node44,Node45,29865,A->G,
Node44,Node45,88414,C->T,AC
Node44,Node45,115972,C->A,
Node44,Node45,130229,A->T,
Node44,Node45,135291,G->T,
Node44,Node45,139945,C->T,GC
Node44,Node45,148732,T->G,
Node44,Node45,158120,A->G,
Node44,Node45,169500,A->G,
Node44,Node45,169501,A->T,
Node44,Node45,178933,G->A,GT
Node44,Node45,183707,G->A,GC
Node44,Node45,184334,G->A,GG
Node45,Node46,118704,G->T,
Node45,Node46,152770,T->A,
Node45,Node46,174646,G->A,GT
Node46,Node47,20518,G->A,GC
Node46,Node47,20933,G->A,GT
Node46,Node47,59829,A->G,
Node46,Node47,160641,C->T,GC
Node47,Node48,28621,G->A,GT
Node47,Node48,46698,C->T,TC
Node48,18MPX0115C|Homo_sapiens|DRC|Tshopo|Opala|cz|2018-02-22,179821,T->A,
Node48,23MPX1300V|Homo_sapiens|DRC|Tshopo|Opala|cz|2023-08-12,24773,G->A,GT
Node48,23MPX1300V|Homo_sapiens|DRC|Tshopo|Opala|cz|2023-08-12,41099,A->T,
Node48,23MPX1300V|Homo_sapiens|DRC|Tshopo|Opala|cz|2023-08-12,102191,C->T,AC
Node48,23MPX1300V|Homo_sapiens|DRC|Tshopo|Opala|cz|2023-08-12,135183,G->T,
Node48,23MPX1300V|Homo_sapiens|DRC|Tshopo|Opala|cz|2023-08-12,141989,A->T,
Node48,23MPX1300V|Homo_sapiens|DRC|Tshopo|Opala|cz|2023-08-12,141990,A->G,
Node48,23MPX1300V|Homo_sapiens|DRC|Tshopo|Opala|cz|2023-08-12,189931,G->A,GC
Node47,Node49,96337,G->C,
Node47,Node49,150575,G->A,GT
Node49,23MPX0357V|Homo_sapiens|DRC|Tshopo|Ubundu|cz|2023-03-29,143093,C->T,GC
Node49,23MPX1053V|Homo_sapiens|DRC|Tshopo|Kabondo|cz|2023-07-23,15273,G->A,GC
Node49,23MPX1053V|Homo_sapiens|DRC|Tshopo|Kabondo|cz|2023-07-23,41168,C->T,GC
Node49,23MPX1053V|Homo_sapiens|DRC|Tshopo|Kabondo|cz|2023-07-23,120187,T->C,
Node49,23MPX1053V|Homo_sapiens|DRC|Tshopo|Kabondo|cz|2023-07-23,150201,T->A,
Node46,Node50,20527,G->A,GT
Node46,Node50,73837,T->A,
Node50,23MPX0354V|Homo_sapiens|DRC|Tshopo|Opala|cz|2023-03-21,12833,G->A,GC
Node50,23MPX0354V|Homo_sapiens|DRC|Tshopo|Opala|cz|2023-03-21,14862,C->A,
Node50,23MPX0354V|Homo_sapiens|DRC|Tshopo|Opala|cz|2023-03-21,20148,G->A,GC
Node50,23MPX0354V|Homo_sapiens|DRC|Tshopo|Opala|cz|2023-03-21,26267,G->A,GC
Node50,23MPX0354V|Homo_sapiens|DRC|Tshopo|Opala|cz|2023-03-21,49950,G->T,
Node50,23MPX0354V|Homo_sapiens|DRC|Tshopo|Opala|cz|2023-03-21,51057,C->T,GC
Node50,23MPX0354V|Homo_sapiens|DRC|Tshopo|Opala|cz|2023-03-21,62567,C->T,CC
Node50,23MPX0354V|Homo_sapiens|DRC|Tshopo|Opala|cz|2023-03-21,84895,C->T,GC
Node50,23MPX0354V|Homo_sapiens|DRC|Tshopo|Opala|cz|2023-03-21,150201,T->A,
Node50,23MPX1643C|Homo_sapiens|DRC|Tshopo|Yakusu|cz|2023-10-27,12148,G->A,GC
Node50,23MPX1643C|Homo_sapiens|DRC|Tshopo|Yakusu|cz|2023-10-27,52012,G->A,GC
Node50,23MPX1643C|Homo_sapiens|DRC|Tshopo|Yakusu|cz|2023-10-27,52677,C->T,AC
Node50,23MPX1643C|Homo_sapiens|DRC|Tshopo|Yakusu|cz|2023-10-27,60353,G->T,
Node50,23MPX1643C|Homo_sapiens|DRC|Tshopo|Yakusu|cz|2023-10-27,127428,C->T,GC
Node50,23MPX1643C|Homo_sapiens|DRC|Tshopo|Yakusu|cz|2023-10-27,172705,C->A,
Node50,24MPX0580C|Homo_sapiens|Tshopo|Yaleko|cz|2024-02-14,34267,G->A,GC
Node50,24MPX0580C|Homo_sapiens|Tshopo|Yaleko|cz|2024-02-14,38434,G->A,GC
Node50,24MPX0580C|Homo_sapiens|Tshopo|Yaleko|cz|2024-02-14,41830,T->C,
Node50,24MPX0580C|Homo_sapiens|Tshopo|Yaleko|cz|2024-02-14,45346,A->G,
Node50,24MPX0580C|Homo_sapiens|Tshopo|Yaleko|cz|2024-02-14,78082,C->T,GC
Node50,24MPX0580C|Homo_sapiens|Tshopo|Yaleko|cz|2024-02-14,116897,G->A,GG
Node50,24MPX0580C|Homo_sapiens|Tshopo|Yaleko|cz|2024-02-14,128789,C->T,AC
Node50,24MPX0580C|Homo_sapiens|Tshopo|Yaleko|cz|2024-02-14,135236,T->G,
Node50,24MPX0580C|Homo_sapiens|Tshopo|Yaleko|cz|2024-02-14,186491,C->G,
Node45,23MPX1157C|Homo_sapiens|DRC|Tshopo|Opala|cz|2023-07-17,12330,G->A,GC
Node45,23MPX1157C|Homo_sapiens|DRC|Tshopo|Opala|cz|2023-07-17,20784,A->T,
Node45,23MPX1157C|Homo_sapiens|DRC|Tshopo|Opala|cz|2023-07-17,29601,A->T,
Node45,23MPX1157C|Homo_sapiens|DRC|Tshopo|Opala|cz|2023-07-17,35257,A->G,
Node45,23MPX1157C|Homo_sapiens|DRC|Tshopo|Opala|cz|2023-07-17,48533,C->T,GC
Node45,23MPX1157C|Homo_sapiens|DRC|Tshopo|Opala|cz|2023-07-17,91860,C->A,
Node45,23MPX1157C|Homo_sapiens|DRC|Tshopo|Opala|cz|2023-07-17,105282,T->C,
Node45,23MPX1157C|Homo_sapiens|DRC|Tshopo|Opala|cz|2023-07-17,136223,G->T,
Node45,23MPX1157C|Homo_sapiens|DRC|Tshopo|Opala|cz|2023-07-17,183535,G->A,GT
Node44,KP849471|Funisciurus_anerythrus|DRC|Mongala|Yambuku|bg|1985-07-XX,17099,A->T,
Node44,KP849471|Funisciurus_anerythrus|DRC|Mongala|Yambuku|bg|1985-07-XX,62641,G->A,GT
Node44,KP849471|Funisciurus_anerythrus|DRC|Mongala|Yambuku|bg|1985-07-XX,85468,C->T,GC
Node44,KP849471|Funisciurus_anerythrus|DRC|Mongala|Yambuku|bg|1985-07-XX,88637,G->A,GT
Node44,KP849471|Funisciurus_anerythrus|DRC|Mongala|Yambuku|bg|1985-07-XX,135720,G->A,GG
Node44,KP849471|Funisciurus_anerythrus|DRC|Mongala|Yambuku|bg|1985-07-XX,180295,G->A,GC
Node43,Node52,8477,T->C,
Node43,Node52,16178,C->A,
Node43,Node52,54162,C->T,AC
Node43,Node52,89411,T->C,
Node43,Node52,138312,G->A,GG
Node43,Node52,153104,G->A,GT
Node52,Node53,7036,T->G,
Node52,Node53,16465,G->A,GT
Node52,Node53,26067,G->A,GT
Node52,Node53,72074,C->T,GC
Node52,Node53,81746,C->A,
Node52,Node53,106336,G->T,
Node52,Node53,143731,G->A,GC
Node52,Node53,161743,C->T,AC
Node52,Node53,165151,G->A,GG
Node52,Node53,183679,T->C,
Node52,Node53,186320,A->G,
Node53,23MPX0022V|Homo_sapiens|DRC|Sankuru|Lomela|cz|2022-07-30,241,C->A,
Node53,23MPX0022V|Homo_sapiens|DRC|Sankuru|Lomela|cz|2022-07-30,11101,C->T,CC
Node53,23MPX0022V|Homo_sapiens|DRC|Sankuru|Lomela|cz|2022-07-30,18501,G->A,GT
Node53,23MPX0022V|Homo_sapiens|DRC|Sankuru|Lomela|cz|2022-07-30,23845,T->C,
Node53,23MPX0022V|Homo_sapiens|DRC|Sankuru|Lomela|cz|2022-07-30,49846,C->A,
Node53,23MPX0022V|Homo_sapiens|DRC|Sankuru|Lomela|cz|2022-07-30,81725,C->A,
Node53,23MPX0022V|Homo_sapiens|DRC|Sankuru|Lomela|cz|2022-07-30,89322,G->A,GC
Node53,23MPX0022V|Homo_sapiens|DRC|Sankuru|Lomela|cz|2022-07-30,135193,G->A,GC
Node53,23MPX0022V|Homo_sapiens|DRC|Sankuru|Lomela|cz|2022-07-30,140111,A->G,
Node53,23MPX0022V|Homo_sapiens|DRC|Sankuru|Lomela|cz|2022-07-30,141380,C->T,GC
Node53,23MPX0022V|Homo_sapiens|DRC|Sankuru|Lomela|cz|2022-07-30,150091,C->T,AC
Node53,23MPX0022V|Homo_sapiens|DRC|Sankuru|Lomela|cz|2022-07-30,153382,A->T,
Node53,23MPX0022V|Homo_sapiens|DRC|Sankuru|Lomela|cz|2022-07-30,153399,G->A,GG
Node53,23MPX0022V|Homo_sapiens|DRC|Sankuru|Lomela|cz|2022-07-30,155336,C->T,GC
Node53,23MPX0022V|Homo_sapiens|DRC|Sankuru|Lomela|cz|2022-07-30,159247,G->A,GA
Node53,23MPX0022V|Homo_sapiens|DRC|Sankuru|Lomela|cz|2022-07-30,169500,A->G,
Node53,23MPX0022V|Homo_sapiens|DRC|Sankuru|Lomela|cz|2022-07-30,169501,A->T,
Node53,Node54,20292,G->A,GA
Node53,Node54,74011,T->C,
Node53,Node54,155164,G->A,GC
Node53,Node54,163296,C->T,GC
Node54,Node55,117831,G->A,GG
Node54,JX878412|Homo_sapiens|DRC|Sankuru|Vangakete|bg|2006-11-30,15906,G->T,
Node54,JX878412|Homo_sapiens|DRC|Sankuru|Vangakete|bg|2006-11-30,101963,C->T,GC
Node54,JX878412|Homo_sapiens|DRC|Sankuru|Vangakete|bg|2006-11-30,131369,C->T,GC
Node52,Node57,1788,G->A,GC
Node52,Node57,11156,G->A,GC
Node52,Node57,27593,C->T,TC
Node52,Node57,49030,C->T,CC
Node52,Node57,51979,T->C,
Node52,Node57,87349,C->T,AC
Node52,Node57,142201,G->T,
Node52,Node57,173151,C->T,AC
Node52,Node57,187738,C->T,TC
Node52,Node57,190234,G->A,GC
Node57,Node58,187075,C->G,
Node58,JX878416|Homo_sapiens|DRC|Sankuru|Lomela|bg|2006-12-26,52406,G->A,GA
Node58,JX878421|Homo_sapiens|DRC|Sankuru|Lomela|bg|2007-03-22,174486,G->T,
Node58,JX878428|Homo_sapiens|DRC|Sankuru|Lomela|bg|2007-06-30,14680,G->A,GT
Node57,JX878422|Homo_sapiens|DRC|Sankuru|Lomela|bg|2007-03-20,14680,G->A,GT
Node57,JX878422|Homo_sapiens|DRC|Sankuru|Lomela|bg|2007-03-20,68438,A->C,
Node57,JX878422|Homo_sapiens|DRC|Sankuru|Lomela|bg|2007-03-20,146203,C->T,TC
Node42,Node64,1355,G->T,
Node42,Node64,73148,G->A,GA
Node42,Node64,132943,C->T,GC
Node42,Node64,137411,G->A,GC
Node42,Node64,159492,T->C,
Node64,Node65,12677,G->A,GC
Node65,Node66,943,G->A,GT
Node65,Node66,3344,G->T,
Node65,Node66,11620,G->A,GT
Node65,Node66,33242,G->A,GT
Node65,Node66,37094,G->A,GG
Node65,Node66,39257,G->T,
Node65,Node66,60179,T->C,
Node65,Node66,63257,G->A,GT
Node65,Node66,64695,G->A,GA
Node65,Node66,89780,C->T,GC
Node65,Node66,102930,C->G,
Node65,Node66,103393,T->C,
Node65,Node66,137852,G->T,
Node65,Node66,138900,C->T,AC
Node65,Node66,156635,C->T,AC
Node65,Node66,180253,G->T,
Node65,Node66,180733,G->A,GT
Node65,Node66,189286,G->A,GC
Node66,Node67,169500,A->G,
Node66,Node67,169501,A->T,
Node67,Node68,148732,T->G,
Node68,Node69,171,A->C,
Node69,Node72,159653,A->T,
Node69,Node72,178923,A->G,
Node72,Node73,44590,G->A,GG
Node73,Node74,7383,G->A,GC
Node73,Node74,162941,A->C,
Node73,Node74,168863,G->A,GA
Node73,Node74,171358,A->T,
Node73,Node74,186567,G->A,GC
Node74,Node77,178923,G->A,GT
Node77,Node78,34772,C->T,TC
Node78,Node79,178933,G->A,GT
Node79,18MPX0116C|Homo_sapiens|DRC|Tshopo|Bafwasende|cz|2018-02-15,11483,G->T,
Node79,18MPX0116C|Homo_sapiens|DRC|Tshopo|Bafwasende|cz|2018-02-15,32933,C->T,AC
Node79,18MPX0116C|Homo_sapiens|DRC|Tshopo|Bafwasende|cz|2018-02-15,148732,G->T,
Node79,Node80,171,C->A,
Node79,Node80,1186,C->T,TC
Node79,Node80,148692,C->T,GC
Node80,Node81,13276,T->C,
Node80,Node83,16268,G->A,GA
Node80,Node83,23354,T->C,
Node80,Node83,162308,C->T,GC
Node80,Node83,172872,A->C,
Node80,Node85,78723,C->T,GC
Node78,Node87,181636,T->G,
Node87,18MPX0174C|Homo_sapiens|DRC|Bas-Uele|Titule|cz|2018-04-24,107956,C->T,AC
Node87,18MPX0174C|Homo_sapiens|DRC|Bas-Uele|Titule|cz|2018-04-24,140033,G->T,
Node87,Node109,141367,T->C,
Node109,Node111,171,C->A,
Node109,Node111,178923,A->G,
Node111,Node112,26841,T->A,
Node111,Node112,124634,G->A,GC
Node111,Node114,46865,G->T,
Node111,Node114,47663,A->C,
Node111,Node114,141367,C->T,GC
Node111,Node114,172923,G->A,GG
Node111,Node114,188711,G->T,
Node114,Node115,31657,G->A,GA
Node114,Node115,169500,G->A,GT
Node114,Node115,188117,G->A,GT
Node115,22MPX0611V|Homo_sapiens|DRC|Tshopo|Opala|cz|2022-10-31,178904,A->G,
Node115,22MPX0611V|Homo_sapiens|DRC|Tshopo|Opala|cz|2022-10-31,178913,A->G,
Node114,Node117,16993,C->T,GC
Node117,Node118,178913,A->G,
Node109,Node119,23951,C->A,
Node109,Node119,37294,C->T,TC
Node109,Node119,60867,C->T,CC
Node109,Node119,88279,G->A,GA
Node109,23MPX1185V|Homo_sapiens|DRC|Tshopo|Yakusu|cz|2023-07-16,26752,C->T,GC
Node109,23MPX1185V|Homo_sapiens|DRC|Tshopo|Yakusu|cz|2023-07-16,83707,C->T,CC
Node109,23MPX1185V|Homo_sapiens|DRC|Tshopo|Yakusu|cz|2023-07-16,151550,T->A,
Node87,Node91,811,G->T,
Node87,Node91,80743,A->G,
Node87,Node91,131024,C->T,GC
Node87,Node91,136822,C->T,AC
Node91,Node92,146413,A->T,
Node92,Node97,155350,G->A,GA
Node91,Node102,68111,A->G,
Node91,Node102,90431,G->A,GT
Node91,Node102,137854,C->T,GC
Node91,Node102,180214,A->C,
Node91,Node102,189570,G->A,GT
Node102,23MPX1107C|Homo_sapiens|DRC|Tshopo|Yahuma|cz|2023-07-11,105225,A->T,
Node102,23MPX1273C|Homo_sapiens|DRC|Tshopo|Yahuma|cz|2023-08-20,171,C->A,
Node87,Node107,16621,G->A,GC
Node87,Node107,20556,C->T,TC
Node87,Node107,20580,C->T,CC
Node87,Node107,31850,G->A,GA
Node87,Node107,34594,G->A,GT
Node87,Node107,43929,G->A,GT
Node87,Node107,78081,G->A,GC
Node87,Node107,156872,G->A,GG
Node87,23MPX1085C|Homo_sapiens|DRC|Tshopo|Yalimbongo|cz|2023-07-30,43442,G->A,GC
Node87,23MPX1085C|Homo_sapiens|DRC|Tshopo|Yalimbongo|cz|2023-07-30,65104,G->T,
Node87,23MPX1085C|Homo_sapiens|DRC|Tshopo|Yalimbongo|cz|2023-07-30,71403,G->A,GC
Node87,23MPX1085C|Homo_sapiens|DRC|Tshopo|Yalimbongo|cz|2023-07-30,113272,T->C,
Node87,23MPX1085C|Homo_sapiens|DRC|Tshopo|Yalimbongo|cz|2023-07-30,130760,C->T,AC
Node87,23MPX1085C|Homo_sapiens|DRC|Tshopo|Yalimbongo|cz|2023-07-30,168278,G->A,GT
Node77,Node120,47844,G->A,GT
Node77,Node120,134191,C->A,
Node77,Node120,188152,G->A,GG
Node120,Node123,141579,G->A,GT
Node123,Node124,72638,G->A,GA
Node123,Node124,113966,G->A,GT
Node123,Node124,135625,G->A,GC
Node124,OQ729808|Homo_sapiens|DRC|||bg|2022-XX-XX,148732,G->T,
Node124,OQ729808|Homo_sapiens|DRC|||bg|2022-XX-XX,148734,A->T,
Node124,OQ729808|Homo_sapiens|DRC|||bg|2022-XX-XX,169500,G->A,GT
Node124,OQ729808|Homo_sapiens|DRC|||bg|2022-XX-XX,169501,T->A,
Node124,OQ729808|Homo_sapiens|DRC|||bg|2022-XX-XX,178921,T->A,
Node123,23MPX1302C|Homo_sapiens|DRC|Tshopo|Opala|cz|2023-09-05,187162,G->T,
Node120,Node162,82699,G->T,
Node120,Node162,92723,T->C,
Node120,Node162,93274,C->A,
Node120,Node162,149106,G->A,GC
Node120,Node162,177329,C->T,TC
Node120,Node162,178923,A->G,
Node120,Node139,1947,C->T,GC
Node120,Node139,83611,T->G,
Node139,22MPX0614V|Homo_sapiens|DRC|Tshopo|Yakusu|cz|2022-11-08,163124,C->A,
Node139,22MPX0614V|Homo_sapiens|DRC|Tshopo|Yakusu|cz|2022-11-08,173217,A->G,
Node139,Node154,4756,T->G,
Node157,Node159,3785,T->G,
Node157,Node159,84245,A->G,
Node154,23MPX0078C|Homo_sapiens|DRC|Tshopo|Yakusu|cz|2022-12-15,170400,A->C,
Node139,Node145,23349,G->T,
Node120,Node127,153253,G->A,GT
Node127,Node128,148732,G->T,
Node128,Node129,110226,G->T,
Node128,Node129,176178,C->T,GC
Node128,Node131,62916,C->A,
Node128,Node131,187632,G->A,GC
Node131,PP601194_24MPX0025V|Homo_sapiens|DRC|Tshopo|Yahuma|bg|2023-12-30,45247,C->T,CC
Node127,Node135,19992,T->G,
Node127,Node135,66214,G->A,GG
Node127,Node135,157671,A->C,
Node127,Node135,162531,C->T,AC
Node127,Node135,169500,G->A,GT
Node127,Node135,175264,A->T,
Node127,Node136,17486,A->C,
Node127,Node136,59520,G->A,GC
Node127,Node136,139155,T->G,
Node127,Node136,177147,C->T,AC
Node120,23MPX0184C|Homo_sapiens|DRC|Tshopo|Basali|cz|2023-02-08,32047,G->T,
Node120,23MPX0184C|Homo_sapiens|DRC|Tshopo|Basali|cz|2023-02-08,32953,A->G,
Node120,23MPX0184C|Homo_sapiens|DRC|Tshopo|Basali|cz|2023-02-08,52488,C->T,GC
Node120,23MPX0184C|Homo_sapiens|DRC|Tshopo|Basali|cz|2023-02-08,58720,G->A,GA
Node120,23MPX0184C|Homo_sapiens|DRC|Tshopo|Basali|cz|2023-02-08,153738,G->A,GT
Node120,23MPX0184C|Homo_sapiens|DRC|Tshopo|Basali|cz|2023-02-08,186885,G->A,GC
Node74,Node163,34497,C->T,GC
Node74,Node163,67691,A->G,
Node74,Node163,175990,G->A,GA
Node163,Node164,148732,G->T,
Node164,Node165,94019,G->A,GC
Node164,Node165,124750,A->G,
Node165,Node166,7000,C->T,AC
Node165,Node166,17780,C->T,TC
Node165,Node166,53850,G->A,GA
Node165,Node166,66613,T->C,
Node165,Node166,77206,G->A,GA
Node166,Node167,58915,C->A,
Node167,22MPX0513C|Homo_sapiens|DRC|Tshopo|Yakusu|cz|2022-09-19,11967,C->T,TC
Node166,Node168,83890,C->T,TC
Node168,23MPX1463V|Homo_sapiens|DRC|Tshopo|Kisangani|cz|2023-09-25,90815,C->T,TC
Node168,23MPX1464V|Homo_sapiens|DRC|Tshopo|Kisangani|cz|2023-09-28,158094,C->A,
Node165,Node170,48488,T->C,
Node165,Node170,178923,G->A,GT
Node170,Node171,47309,C->A,
Node170,Node171,167474,T->C,
Node170,Node175,51002,A->G,
Node170,Node176,15316,C->T,TC
Node170,Node176,71588,C->A,
Node170,Node176,107441,A->T,
Node170,Node176,120860,C->T,GC
Node170,Node176,132238,C->T,AC
Node164,Node180,101963,C->T,GC
Node180,Node182,38393,G->A,GC
Node182,PP601202_24MPX0169C|Homo_sapiens|DRC|Tshopo|Yakusu|bg|2024-01-08,149975,G->A,GA
Node182,PP601202_24MPX0169C|Homo_sapiens|DRC|Tshopo|Yakusu|bg|2024-01-08,165027,C->T,GC
Node180,PP601199_24MPX0164V|Homo_sapiens|DRC|Tshopo|Basoko|bg|2024-01-13,19938,C->T,TC
Node163,Node187,8566,G->A,GT
Node163,Node187,38910,C->T,CC
Node163,Node187,148748,A->T,
Node163,Node187,178923,G->A,GT
Node163,Node187,180902,T->G,
Node187,23MPX0355V|Homo_sapiens|DRC|Tshopo|Opala|cz|2023-02-22,40909,C->T,AC
Node187,23MPX0355V|Homo_sapiens|DRC|Tshopo|Opala|cz|2023-02-22,184664,G->A,GC
Node187,23MPX0356V|Homo_sapiens|DRC|Tshopo|Opala|cz|2023-02-25,135685,T->G,
Node187,23MPX0356V|Homo_sapiens|DRC|Tshopo|Opala|cz|2023-02-25,150537,G->A,GC
Node74,Node193,171,C->A,
Node74,Node193,241,C->A,
Node74,Node193,25475,C->T,AC
Node74,Node193,49347,C->T,GC
Node193,Node194,76277,A->G,
Node193,Node194,103625,T->C,
Node193,Node194,130868,C->T,TC
Node194,Node195,157334,C->A,
Node193,Node197,135340,C->T,TC
Node193,Node197,147802,A->G,
Node193,Node197,176559,T->C,
Node74,Node200,138928,A->C,
Node74,Node200,178326,A->C,
Node200,Node204,138417,T->A,
Node200,Node204,138418,C->T,TC
Node204,Node205,26933,A->G,
Node204,Node205,86447,G->A,GT
Node204,Node205,102128,C->T,CC
Node204,Node205,102827,G->A,GT
Node204,Node205,166638,A->G,
Node204,Node205,186478,G->A,GC
Node204,Node207,47658,G->A,GT
Node204,Node207,80316,C->T,TC
Node204,Node207,102763,T->C,
Node204,Node207,106458,C->T,TC
Node204,24MPX0593C|Homo_sapiens|Sud-Ubangi|Bangabola|cz|2024-02-25,45316,T->C,
Node204,24MPX0593C|Homo_sapiens|Sud-Ubangi|Bangabola|cz|2024-02-25,53216,G->A,GC
Node204,24MPX0593C|Homo_sapiens|Sud-Ubangi|Bangabola|cz|2024-02-25,174891,G->T,
Node204,24MPX0593C|Homo_sapiens|Sud-Ubangi|Bangabola|cz|2024-02-25,176112,T->C,
Node200,Node210,136010,G->A,GC
Node210,23MPX0756V|Homo_sapiens|DRC|Sud-Ubangi|Bangabola|cz|2023-06-07,181658,G->A,GA
Node210,Node215,4860,G->A,GT
Node210,Node215,17104,C->A,
Node215,PP601184_23MPX1769C|Homo_sapiens|DRC|Sud-Ubangi|Bokonzi|bg|2023-11-25,148732,G->T,
Node210,24MPX0595V|Homo_sapiens|Sud-Ubangi|Ndage|cz|2024-02-24,35732,G->A,GA
Node210,PP601186_23MPX1793V|Homo_sapiens|DRC|Sud-Ubangi|Bangabola|bg|2023-12-16,26677,C->T,TC
Node200,Node218,20208,C->A,
Node218,Node219,163354,C->T,AC
Node219,Node220,99146,A->G,
Node220,Node222,148732,G->T,
Node222,Node224,29044,C->T,AC
Node222,Node224,99146,G->A,GC
Node222,Node224,160460,G->A,GC
Node224,PP601182_23MPX1740C|Homo_sapiens|DRC|Sud-Ubangi|Tandala|bg|2023-11-09,19738,G->A,GG
Node224,PP601185_23MPX1786C|Homo_sapiens|DRC|Sud-Ubangi|Tandala|bg|2023-12-18,10840,C->A,
Node220,PP601198_24MPX0041V|Homo_sapiens|DRC|Sud-Ubangi|Bulu|bg|2024-01-08,72981,G->A,GA
Node218,23MPX1442C|Homo_sapiens|DRC|Sud-Ubangi|Boto|cz|2023-09-10,15908,C->T,AC
Node200,23MPX1137V|Homo_sapiens|DRC|Sud-Ubangi|Ndage|cz|2023-08-07,30730,A->G,
Node200,23MPX1137V|Homo_sapiens|DRC|Sud-Ubangi|Ndage|cz|2023-08-07,106309,C->T,CC
Node200,23MPX1137V|Homo_sapiens|DRC|Sud-Ubangi|Ndage|cz|2023-08-07,170408,G->C,
Node200,23MPX1137V|Homo_sapiens|DRC|Sud-Ubangi|Ndage|cz|2023-08-07,170897,C->A,
Node200,Node208,18157,T->C,
Node200,Node208,123603,C->T,GC
Node200,Node208,148748,A->T,
Node200,Node208,170619,T->G,
Node209,24MPX0486V|Homo_sapiens|DRC|Sud-Ubangi|cz|2024-02-XX,84944,G->T,
Node209,24MPX0486V|Homo_sapiens|DRC|Sud-Ubangi|cz|2024-02-XX,148582,G->A,GC
Node209,24MPX0486V|Homo_sapiens|DRC|Sud-Ubangi|cz|2024-02-XX,152301,C->T,CC
Node209,24MPX0486V|Homo_sapiens|DRC|Sud-Ubangi|cz|2024-02-XX,153433,G->T,
Node209,24MPX0486V|Homo_sapiens|DRC|Sud-Ubangi|cz|2024-02-XX,157684,G->T,
Node209,24MPX0486V|Homo_sapiens|DRC|Sud-Ubangi|cz|2024-02-XX,157850,A->G,
Node209,24MPX0486V|Homo_sapiens|DRC|Sud-Ubangi|cz|2024-02-XX,159115,G->A,GC
Node209,24MPX0813V|Homo_sapiens|Equateur|Mbandaka|cz|2024-03-29,28874,G->T,
Node209,24MPX0813V|Homo_sapiens|Equateur|Mbandaka|cz|2024-03-29,58057,C->T,AC
Node209,24MPX0813V|Homo_sapiens|Equateur|Mbandaka|cz|2024-03-29,109676,T->C,
Node209,24MPX0813V|Homo_sapiens|Equateur|Mbandaka|cz|2024-03-29,166661,C->T,GC
Node208,24MPX0495V|Homo_sapiens|DRC|Sud-Ubangi|cz|2024-02-XX,99146,A->G,
Node208,24MPX0495V|Homo_sapiens|DRC|Sud-Ubangi|cz|2024-02-XX,163354,C->T,AC
Node74,MN702450|Homo_sapiens|CAR|Mbomou|Bakouma|bg|2016-01-01,6344,C->A,
Node74,MN702450|Homo_sapiens|CAR|Mbomou|Bakouma|bg|2016-01-01,8869,G->A,GT
Node74,MN702450|Homo_sapiens|CAR|Mbomou|Bakouma|bg|2016-01-01,49958,C->A,
Node74,MN702450|Homo_sapiens|CAR|Mbomou|Bakouma|bg|2016-01-01,103167,G->T,
Node74,MN702450|Homo_sapiens|CAR|Mbomou|Bakouma|bg|2016-01-01,111223,G->A,GC
Node74,MN702450|Homo_sapiens|CAR|Mbomou|Bakouma|bg|2016-01-01,125107,C->A,
Node74,MN702450|Homo_sapiens|CAR|Mbomou|Bakouma|bg|2016-01-01,140040,T->A,
Node74,MN702450|Homo_sapiens|CAR|Mbomou|Bakouma|bg|2016-01-01,148732,G->T,
Node74,MN702450|Homo_sapiens|CAR|Mbomou|Bakouma|bg|2016-01-01,169500,G->A,GT
Node74,MN702450|Homo_sapiens|CAR|Mbomou|Bakouma|bg|2016-01-01,169501,T->A,
Node74,MN702450|Homo_sapiens|CAR|Mbomou|Bakouma|bg|2016-01-01,172669,G->T,
Node74,MN702450|Homo_sapiens|CAR|Mbomou|Bakouma|bg|2016-01-01,186598,A->G,
Node73,Node226,119600,A->G,
Node73,Node226,148732,G->T,
Node73,Node226,171414,G->A,GC
Node73,Node226,173714,G->A,GT
Node226,MN702448|Homo_sapiens|CAR|Ouaka|Ippy|bg|2018-03-07,168468,G->A,GA
Node72,Node227,16473,T->C,
Node72,Node227,17190,T->A,
Node72,Node227,22931,G->A,GT
Node72,Node227,28693,C->T,TC
Node72,Node227,43477,A->G,
Node72,Node227,72298,G->A,GG
Node72,Node227,107468,C->T,GC
Node72,Node227,157492,G->T,
Node72,Node227,168988,A->C,
Node72,Node227,170179,C->T,AC
Node72,Node227,178913,A->G,
Node227,Node228,3152,C->T,TC
Node227,Node228,70173,A->T,
Node227,Node228,93729,C->A,
Node227,Node228,177882,T->C,
Node228,Node229,148732,G->T,
Node228,PP601190_24MPX0012C|Homo_sapiens|DRC|Sud-Ubangi|Bulu|bg|2023-12-23,59231,G->A,GA
Node228,PP601190_24MPX0012C|Homo_sapiens|DRC|Sud-Ubangi|Bulu|bg|2023-12-23,92421,G->A,GT
Node228,PP601190_24MPX0012C|Homo_sapiens|DRC|Sud-Ubangi|Bulu|bg|2023-12-23,151911,G->A,GA
Node227,24MPX0817V|Homo_sapiens|Mongala|Bosondjo|cz|2024-02-04,43447,G->A,GA
Node227,24MPX0817V|Homo_sapiens|Mongala|Bosondjo|cz|2024-02-04,92196,C->A,
Node227,24MPX0817V|Homo_sapiens|Mongala|Bosondjo|cz|2024-02-04,106771,G->A,GA
Node227,24MPX0817V|Homo_sapiens|Mongala|Bosondjo|cz|2024-02-04,123603,C->T,GC
Node227,24MPX0817V|Homo_sapiens|Mongala|Bosondjo|cz|2024-02-04,187585,G->T,
Node69,Node336,35932,C->T,GC
Node69,Node336,42693,G->C,
Node69,Node336,145464,T->C,
Node336,Node337,139157,A->G,
Node337,Node338,17315,C->T,GC
Node337,Node338,63842,A->G,
Node337,Node338,89806,C->T,TC
Node337,Node338,101177,C->A,
Node337,Node338,154215,C->T,TC
Node337,Node338,159723,C->T,AC
Node338,18MPX0135C|Homo_sapiens|DRC|Sankuru|Bena-Dibele|cz|2018-03-23,1146,C->T,TC
Node338,18MPX0145C|Homo_sapiens|DRC|Sankuru|Bena-Dibele|cz|2018-03-23,142790,G->A,GA
Node338,Node342,48922,G->A,GG
Node338,Node342,147321,G->A,GC
Node338,Node341,11912,G->T,
Node338,Node341,39428,T->A,
Node338,Node341,135251,C->A,
Node341,23MPX0460C|Homo_sapiens|DRC|Sankuru|Bena-Dibele|cz|2023-03-30,71542,G->A,GA
Node337,Node345,16429,C->A,
Node337,Node345,19770,T->C,
Node337,Node345,107967,C->T,TC
Node337,Node345,134913,C->T,CC
Node337,Node345,148171,G->T,
Node337,Node345,168440,C->T,TC
Node337,Node345,187972,C->A,
Node336,Node346,18839,T->C,
Node336,Node346,60536,G->T,
Node336,Node346,75571,T->C,
Node346,Node347,15265,C->T,GC
Node346,Node347,49618,C->T,GC
Node347,Node348,31619,C->T,TC
Node347,Node348,33601,G->A,GA
Node347,Node348,79032,G->A,GT
Node347,Node348,117139,G->A,GT
Node347,Node348,127357,C->T,TC
Node347,Node348,146374,C->A,
Node347,Node348,159481,G->A,GC
Node347,Node348,183486,C->T,TC
Node347,Node350,24175,C->A,
Node347,Node350,32117,C->A,
Node347,Node350,65307,C->T,CC
Node347,Node350,100984,G->A,GT
Node347,Node350,109694,C->T,CC
Node347,Node350,111326,C->T,TC
Node347,Node350,114376,G->A,GC
Node347,Node350,150724,G->A,GG
Node347,Node350,160067,G->T,
Node346,Node352,15407,C->A,
Node346,Node352,23965,G->A,GA
Node346,Node352,27098,C->T,CC
Node346,Node352,57548,G->A,GC
Node346,Node352,118161,C->T,CC
Node346,Node352,119825,G->A,GC
Node346,Node352,126159,C->T,GC
Node346,Node352,127594,C->T,TC
Node346,Node352,185036,C->T,AC
Node346,Node354,148732,G->T,
Node346,Node354,169500,G->A,GT
Node346,Node354,169501,T->A,
Node346,Node354,178923,A->G,
Node354,JX878407|Homo_sapiens|DRC|Sankuru|Kole|bg|2006-10-09,15265,C->T,GC
Node354,JX878407|Homo_sapiens|DRC|Sankuru|Kole|bg|2006-10-09,49618,C->T,GC
Node354,Node356,15407,C->A,
Node356,JX878423|Homo_sapiens|DRC|Sankuru|Kole|bg|2007-03-25,110527,C->T,TC
Node354,Node357,18839,C->T,GC
Node354,Node357,38998,G->A,GA
Node354,Node357,60536,T->G,
Node354,Node357,75571,C->T,GC
Node354,Node357,126950,G->A,GC
Node354,Node357,127696,G->A,GC
Node354,Node357,175783,G->A,GA
Node69,Node268,3734,G->A,GA
Node69,Node268,21248,G->A,GC
Node69,Node268,79586,T->C,
Node69,Node268,80959,T->C,
Node69,Node268,185841,A->G,
Node268,Node270,148748,A->T,
Node270,Node273,21281,A->G,
Node270,Node273,118879,C->T,GC
Node273,Node276,57551,A->G,
Node273,Node276,122074,C->T,AC
Node273,Node276,143169,T->G,
Node273,Node276,162591,G->A,GC
Node273,Node276,173516,G->A,GC
Node273,23MPX0491C|Homo_sapiens|DRC|Equateur|Bikoro|cz|2023-04-22,133019,C->T,TC
Node273,23MPX0491C|Homo_sapiens|DRC|Equateur|Bikoro|cz|2023-04-22,164047,C->A,
Node273,24MPX0591C|Homo_sapiens|Equateur|Bikoro|cz|2024-02-26,105363,T->C,
Node273,24MPX0591C|Homo_sapiens|Equateur|Bikoro|cz|2024-02-26,146854,G->A,GT
Node270,Node294,175108,T->C,
Node294,Node295,143148,T->C,
Node295,Node298,178933,G->A,GT
Node295,Node300,171,C->A,
Node295,Node300,148748,T->A,
Node300,Node303,34756,G->A,GC
Node300,Node309,157815,C->T,AC
Node300,Node309,181665,C->T,AC
Node309,23MPX0490V|Homo_sapiens|DRC|Equateur|Bikoro|cz|2023-04-22,38910,C->A,
Node309,PP601205_24MPX0188V|Homo_sapiens|DRC|Equateur|Lotumbe|bg|2024-01-20,148732,G->T,
Node300,23MPX0291V|Homo_sapiens|DRC|Equateur|Ingende|cz|2023-03-23,103491,T->G,
Node300,23MPX1072C|Homo_sapiens|DRC|Equateur|Bolomba|cz|2023-07-22,35680,G->A,GA
Node300,23MPX1072C|Homo_sapiens|DRC|Equateur|Bolomba|cz|2023-07-22,67187,T->C,
Node300,Node314,13434,T->C,
Node300,Node314,24316,A->G,
Node300,Node314,90137,G->A,GG
Node314,23MPX1443V|Homo_sapiens|DRC|Sud-Ubangi|Bangabola|cz|2023-09-03,116403,C->T,AC
Node314,23MPX1443V|Homo_sapiens|DRC|Sud-Ubangi|Bangabola|cz|2023-09-03,135467,G->T,
Node314,23MPX1627C|Homo_sapiens|DRC|Sud-Ubangi|Bangabola|cz|2023-08-06,148748,A->T,
Node314,PP601189_24MPX0009C|Homo_sapiens|DRC|Sud-Ubangi|Bulu|bg|2023-12-18,148732,G->T,
Node300,Node316,36066,A->T,
Node300,Node316,93143,G->A,GT
Node300,Node312,137815,A->T,
Node312,PP601183_23MPX1766C|Homo_sapiens|DRC|Sud-Ubangi|Bokonzi|bg|2023-11-21,87028,G->A,GA
Node312,PP601183_23MPX1766C|Homo_sapiens|DRC|Sud-Ubangi|Bokonzi|bg|2023-11-21,91210,G->T,
Node312,PP601183_23MPX1766C|Homo_sapiens|DRC|Sud-Ubangi|Bokonzi|bg|2023-11-21,148732,G->T,
Node295,Node318,153279,G->A,GC
Node318,23MPX0288C|Homo_sapiens|DRC|Equateur|Bolomba|cz|2023-03-25,126111,A->G,
Node318,Node320,84244,G->A,GA
Node318,24MPX0763V|Homo_sapiens|Equateur|Ntondo|cz|2024-03-13,18157,T->C,
Node318,24MPX0763V|Homo_sapiens|Equateur|Ntondo|cz|2024-03-13,123603,C->T,GC
Node294,Node322,59312,G->A,GT
Node294,Node322,108960,G->A,GC
Node294,Node322,132735,G->A,GT
Node294,Node322,187181,C->T,AC
Node322,22MPX0505C|Homo_sapiens|DRC|Equateur|Bolomba|cz|2022-09-30,136333,C->T,TC
Node322,23MPX1037V|Homo_sapiens|DRC|Equateur|Lilanga|cz|2023-07-31,11804,T->C,
Node322,23MPX1037V|Homo_sapiens|DRC|Equateur|Lilanga|cz|2023-07-31,127381,C->T,GC
Node322,23MPX1037V|Homo_sapiens|DRC|Equateur|Lilanga|cz|2023-07-31,150199,T->A,
Node322,23MPX1037V|Homo_sapiens|DRC|Equateur|Lilanga|cz|2023-07-31,150200,T->A,
Node322,Node326,4728,A->G,
Node322,Node326,18157,T->C,
Node322,Node326,123603,C->T,GC
Node322,Node326,152301,C->T,CC
Node322,Node326,159115,G->A,GC
Node322,Node326,187113,T->G,
Node326,24MPX0760V|Homo_sapiens|Equateur|Ntondo|cz|2024-03-08,176750,C->T,GC
Node326,24MPX0761V|Homo_sapiens|Equateur|Ntondo|cz|2024-03-08,179581,G->A,GA
Node294,Node329,2188,C->T,AC
Node294,Node329,135722,C->T,GC
Node294,Node329,148554,G->A,GT
Node329,24MPX0541V|Homo_sapiens|DRC|Sud-Ubangi|cz|2024-02-XX,18157,T->C,
Node329,24MPX0541V|Homo_sapiens|DRC|Sud-Ubangi|cz|2024-02-XX,123603,C->T,GC
Node329,24MPX0541V|Homo_sapiens|DRC|Sud-Ubangi|cz|2024-02-XX,159115,G->A,GC
Node270,Node282,20156,G->T,
Node270,Node282,20180,G->A,GT
Node270,Node282,167506,C->T,GC
Node270,Node287,26941,C->A,
Node270,Node287,50127,A->G,
Node270,Node287,54541,A->T,
Node270,Node293,115452,C->A,
Node293,24MPX0509V|Homo_sapiens|DRC|Sud-Ubangi|cz|2024-02-XX,18157,T->C,
Node293,24MPX0509V|Homo_sapiens|DRC|Sud-Ubangi|cz|2024-02-XX,123603,C->T,GC
Node293,24MPX0509V|Homo_sapiens|DRC|Sud-Ubangi|cz|2024-02-XX,127840,C->T,GC
Node293,24MPX0509V|Homo_sapiens|DRC|Sud-Ubangi|cz|2024-02-XX,159115,G->A,GC
Node270,Node289,14804,C->T,CC
Node270,Node289,166494,G->T,
Node270,Node289,179077,G->T,
Node289,23MPX1063V|Homo_sapiens|DRC|Equateur|Bolomba|cz|2023-07-31,171,C->A,
Node289,23MPX1063V|Homo_sapiens|DRC|Equateur|Bolomba|cz|2023-07-31,148265,C->T,AC
Node289,Node290,178923,A->G,
Node289,Node290,188203,A->T,
Node290,24MPX0305V|Homo_sapiens|Maindombe|Inongo|cz|2023-11-23,117404,C->T,TC
Node270,23MPX1447C|Homo_sapiens|DRC|Sud-Ubangi|Bokonzi|cz|2023-09-12,16723,G->A,GT
Node270,23MPX1447C|Homo_sapiens|DRC|Sud-Ubangi|Bokonzi|cz|2023-09-12,76100,G->T,
Node270,23MPX1447C|Homo_sapiens|DRC|Sud-Ubangi|Bokonzi|cz|2023-09-12,86827,G->A,GT
Node270,23MPX1447C|Homo_sapiens|DRC|Sud-Ubangi|Bokonzi|cz|2023-09-12,99317,T->C,
Node270,23MPX1447C|Homo_sapiens|DRC|Sud-Ubangi|Bokonzi|cz|2023-09-12,172391,C->T,AC
Node270,23MPX1447C|Homo_sapiens|DRC|Sud-Ubangi|Bokonzi|cz|2023-09-12,178923,A->G,
Node270,24MPX0535C|Homo_sapiens|Sud-Ubangi|Kungu|cz|2024-02-07,142354,C->T,GC
Node268,23MPX0279S|Homo_sapiens|DRC|Equateur|Bolomba|cz|2023-03-25,27342,G->A,GA
Node268,23MPX0279S|Homo_sapiens|DRC|Equateur|Bolomba|cz|2023-03-25,87286,G->A,GA
Node268,23MPX0279S|Homo_sapiens|DRC|Equateur|Bolomba|cz|2023-03-25,87695,A->G,
Node268,23MPX0279S|Homo_sapiens|DRC|Equateur|Bolomba|cz|2023-03-25,163965,C->T,AC
Node268,23MPX0279S|Homo_sapiens|DRC|Equateur|Bolomba|cz|2023-03-25,169159,G->T,
Node268,Node332,178933,G->A,GT
Node332,Node333,121318,C->T,GC
Node332,Node333,178534,C->T,GC
Node333,23MPX0642V|Homo_sapiens|DRC|Mongala|Bongandanga|cz|2023-06-13,9368,C->T,TC
Node332,23MPX1446C|Homo_sapiens|DRC|Sud-Ubangi|Bokonzi|cz|2023-08-14,23221,A->G,
Node332,23MPX1446C|Homo_sapiens|DRC|Sud-Ubangi|Bokonzi|cz|2023-08-14,41674,C->T,CC
Node332,23MPX1446C|Homo_sapiens|DRC|Sud-Ubangi|Bokonzi|cz|2023-08-14,120295,G->A,GC
Node268,23MPX1194C|Homo_sapiens|DRC|Equateur|Bikoro|cz|2023-08-11,146087,A->G,
Node268,23MPX1194C|Homo_sapiens|DRC|Equateur|Bikoro|cz|2023-08-11,163460,C->T,GC
Node268,23MPX1686V|Homo_sapiens|DRC|Mongala|Bosondjo|cz|2023-11-01,12565,A->G,
Node268,23MPX1686V|Homo_sapiens|DRC|Mongala|Bosondjo|cz|2023-11-01,84245,A->G,
Node268,23MPX1686V|Homo_sapiens|DRC|Mongala|Bosondjo|cz|2023-11-01,121318,C->T,GC
Node268,23MPX1686V|Homo_sapiens|DRC|Mongala|Bosondjo|cz|2023-11-01,169500,G->A,GT
Node268,24MPX0590C|Homo_sapiens|Equateur|Bikoro|cz|2024-02-26,15712,A->T,
Node268,24MPX0590C|Homo_sapiens|Equateur|Bikoro|cz|2024-02-26,121082,C->T,AC
Node268,24MPX0590C|Homo_sapiens|Equateur|Bikoro|cz|2024-02-26,156500,C->T,GC
Node268,24MPX0590C|Homo_sapiens|Equateur|Bikoro|cz|2024-02-26,172469,G->A,GT
Node268,PP601206_24MPX0194V|Homo_sapiens|DRC|Equateur|Wangata|bg|2024-01-20,171,C->A,
Node268,PP601206_24MPX0194V|Homo_sapiens|DRC|Equateur|Wangata|bg|2024-01-20,13503,G->A,GC
Node268,PP601206_24MPX0194V|Homo_sapiens|DRC|Equateur|Wangata|bg|2024-01-20,148732,G->T,
Node268,PP601206_24MPX0194V|Homo_sapiens|DRC|Equateur|Wangata|bg|2024-01-20,188521,A->G,
Node69,Node230,26366,C->T,TC
Node69,Node230,54747,G->T,
Node69,Node230,64695,A->G,
Node69,Node230,91902,G->A,GT
Node69,Node230,126093,C->T,GC
Node69,Node230,129253,G->T,
Node69,Node230,149559,T->G,
Node69,Node230,151601,G->A,GT
Node230,Node233,3223,C->T,AC
Node230,Node233,17263,T->C,
Node230,Node233,20447,C->T,AC
Node230,Node233,21211,G->A,GG
Node230,Node233,46668,G->A,GA
Node230,Node233,148732,G->T,
Node230,Node233,177832,A->G,
Node230,Node233,179227,C->A,
Node233,22MPX0129C|Homo_sapiens|DRC|Kwilu|Kikongo|cz|2022-05-31,65201,C->T,AC
Node233,Node234,34470,C->A,
Node233,Node234,80105,G->A,GC
Node233,Node234,104831,G->A,GC
Node233,Node234,148577,C->A,
Node233,Node234,174022,C->T,TC
Node233,Node234,177876,G->A,GC
Node233,Node234,180118,C->T,AC
Node230,Node246,17000,G->A,GA
Node230,Node246,152667,C->T,TC
Node246,22MPX0314V|Homo_sapiens|DRC|Equateur|Bikoro|cz|2022-08-11,59140,C->T,GC
Node246,22MPX0314V|Homo_sapiens|DRC|Equateur|Bikoro|cz|2022-08-11,81633,G->A,GC
Node246,22MPX0314V|Homo_sapiens|DRC|Equateur|Bikoro|cz|2022-08-11,87994,C->T,AC
Node246,22MPX0314V|Homo_sapiens|DRC|Equateur|Bikoro|cz|2022-08-11,141591,C->T,TC
Node246,22MPX0314V|Homo_sapiens|DRC|Equateur|Bikoro|cz|2022-08-11,175447,G->A,GG
Node246,22MPX0314V|Homo_sapiens|DRC|Equateur|Bikoro|cz|2022-08-11,178923,A->G,
Node246,22MPX0314V|Homo_sapiens|DRC|Equateur|Bikoro|cz|2022-08-11,185893,C->T,AC
Node246,23MPX0134C|Homo_sapiens|DRC|Sud-Ubangi|Mbaya|cz|2023-01-24,21671,A->G,
Node246,23MPX0134C|Homo_sapiens|DRC|Sud-Ubangi|Mbaya|cz|2023-01-24,149162,G->A,GG
Node246,23MPX0134C|Homo_sapiens|DRC|Sud-Ubangi|Mbaya|cz|2023-01-24,175822,C->T,TC
Node246,Node249,121145,C->T,GC
Node249,Node250,151075,C->T,TC
Node250,Node251,168562,T->C,
Node251,23MPX0225V|Homo_sapiens|DRC|Equateur|Ingende|cz|2023-03-06,44733,G->A,GC
Node251,Node252,100665,A->G,
Node251,Node252,150207,A->C,
Node250,Node255,67616,T->C,
Node250,Node255,141989,A->T,
Node250,Node255,141990,A->G,
Node250,Node255,147322,C->T,GC
Node250,Node256,148324,G->A,GT
Node249,23MPX0723V|Homo_sapiens|DRC|Maindombe|Inongo|cz|2023-06-17,7210,G->A,GT
Node249,23MPX0723V|Homo_sapiens|DRC|Maindombe|Inongo|cz|2023-06-17,26267,G->A,GC
Node249,23MPX0723V|Homo_sapiens|DRC|Maindombe|Inongo|cz|2023-06-17,66061,T->G,
Node249,23MPX0723V|Homo_sapiens|DRC|Maindombe|Inongo|cz|2023-06-17,92132,G->A,GG
Node246,PP601188_24MPX0008V|Homo_sapiens|DRC|Sud-Ubangi|Bangabola|bg|2023-12-16,132115,G->T,
Node230,Node257,73949,G->A,GG
Node230,Node257,151484,C->T,TC
Node257,Node258,77701,T->G,
Node257,Node258,153249,G->T,
Node257,Node258,177579,T->C,
Node258,Node259,653,G->A,GA
Node258,Node259,180147,C->T,AC
Node259,22MPX0502s|Homo_sapiens|DRC|Kwilu|Bandundu|cz|2022-10-06,77664,G->A,GC
Node259,22MPX0502s|Homo_sapiens|DRC|Kwilu|Bandundu|cz|2022-10-06,100121,T->C,
Node259,22MPX0502s|Homo_sapiens|DRC|Kwilu|Bandundu|cz|2022-10-06,101574,T->C,
Node259,22MPX0502s|Homo_sapiens|DRC|Kwilu|Bandundu|cz|2022-10-06,111380,G->A,GC
Node259,22MPX0502s|Homo_sapiens|DRC|Kwilu|Bandundu|cz|2022-10-06,125739,G->A,GT
Node259,22MPX0502s|Homo_sapiens|DRC|Kwilu|Bandundu|cz|2022-10-06,171480,G->A,GA
Node259,22MPX0502s|Homo_sapiens|DRC|Kwilu|Bandundu|cz|2022-10-06,172050,G->A,GG
Node259,Node260,25509,G->A,GT
Node259,Node260,119807,G->T,
Node259,Node260,135787,G->A,GT
Node258,23MPX1452V|Homo_sapiens|DRC|Kwilu|Bagata|cz|2023-09-19,13528,C->T,TC
Node258,23MPX1452V|Homo_sapiens|DRC|Kwilu|Bagata|cz|2023-09-19,37577,C->T,AC
Node258,23MPX1452V|Homo_sapiens|DRC|Kwilu|Bagata|cz|2023-09-19,114376,G->A,GC
Node258,23MPX1452V|Homo_sapiens|DRC|Kwilu|Bagata|cz|2023-09-19,155215,G->A,GC
Node258,23MPX1452V|Homo_sapiens|DRC|Kwilu|Bagata|cz|2023-09-19,186772,T->G,
Node257,Node262,21007,T->C,
Node257,Node262,31762,T->G,
Node257,Node262,53209,G->A,GT
Node257,Node262,75194,T->C,
Node257,Node262,178923,A->G,
Node262,Node264,24846,T->A,
Node262,Node264,167536,C->A,
Node262,Node264,173325,C->T,AC
Node264,23MPX1143V|Homo_sapiens|DRC|Kinshasa|Gombe|cz|2023-08-18,178913,A->G,
Node262,23MPX0475C|Homo_sapiens|DRC|Maindombe|Mushie|cz|2023-04-22,38913,C->T,GC
Node262,23MPX0475C|Homo_sapiens|DRC|Maindombe|Mushie|cz|2023-04-22,61777,C->T,GC
Node262,23MPX0475C|Homo_sapiens|DRC|Maindombe|Mushie|cz|2023-04-22,90095,C->A,
Node262,23MPX0475C|Homo_sapiens|DRC|Maindombe|Mushie|cz|2023-04-22,104976,G->A,GA
Node262,23MPX0475C|Homo_sapiens|DRC|Maindombe|Mushie|cz|2023-04-22,175027,T->C,
Node262,23MPX1229V|Homo_sapiens|DRC|Maindombe|Kiri|cz|2023-08-23,60758,C->T,CC
Node262,23MPX1229V|Homo_sapiens|DRC|Maindombe|Kiri|cz|2023-08-23,135408,A->G,
Node230,Node236,21066,G->T,
Node236,Node241,172224,C->T,AC
Node236,Node242,12862,C->A,
Node236,Node242,71973,G->A,GC
Node236,Node242,82267,G->A,GT
Node236,Node242,128804,A->C,
Node236,Node242,169966,C->T,AC
Node236,Node244,141592,G->A,GG
Node236,23MPX1470V|Homo_sapiens|DRC|Equateur|Ntondo|cz|2023-10-04,160032,G->T,
Node230,24MPX0443V|Homo_sapiens|Equateur|Lukolela|cz|2024-01-22,39862,T->A,
Node230,24MPX0443V|Homo_sapiens|Equateur|Lukolela|cz|2024-01-22,145477,T->A,
Node230,24MPX0443V|Homo_sapiens|Equateur|Lukolela|cz|2024-01-22,146115,A->T,
Node230,24MPX0443V|Homo_sapiens|Equateur|Lukolela|cz|2024-01-22,178923,A->G,
Node230,24MPX0443V|Homo_sapiens|Equateur|Lukolela|cz|2024-01-22,182011,A->C,
Node358,Node359,162920,A->C,
Node359,Node361,241,C->A,
Node361,Node363,188619,C->A,
Node363,22MPX0049C|Homo_sapiens|DRC|Equateur|Mbandaka|cz|2022-03-02,10386,G->A,GA
Node363,22MPX0049C|Homo_sapiens|DRC|Equateur|Mbandaka|cz|2022-03-02,16395,C->T,TC
Node363,22MPX0049C|Homo_sapiens|DRC|Equateur|Mbandaka|cz|2022-03-02,177398,C->T,GC
Node363,22MPX0049C|Homo_sapiens|DRC|Equateur|Mbandaka|cz|2022-03-02,179836,A->T,
Node363,22MPX0050C|Homo_sapiens|DRC|Equateur|Mbandaka|cz|2022-03-02,22963,C->T,AC
Node363,22MPX0050C|Homo_sapiens|DRC|Equateur|Mbandaka|cz|2022-03-02,72217,A->G,
Node363,22MPX0050C|Homo_sapiens|DRC|Equateur|Mbandaka|cz|2022-03-02,149373,G->T,
Node363,Node367,178923,A->G,
Node367,23MPX0274S|Homo_sapiens|DRC|Equateur|Bolomba|cz|2023-03-23,11212,G->A,GT
Node367,23MPX0274S|Homo_sapiens|DRC|Equateur|Bolomba|cz|2023-03-23,57985,C->T,AC
Node367,23MPX0274S|Homo_sapiens|DRC|Equateur|Bolomba|cz|2023-03-23,84961,C->T,GC
Node367,23MPX0274S|Homo_sapiens|DRC|Equateur|Bolomba|cz|2023-03-23,117959,T->C,
Node367,23MPX0274S|Homo_sapiens|DRC|Equateur|Bolomba|cz|2023-03-23,125753,C->T,GC
Node367,23MPX0274S|Homo_sapiens|DRC|Equateur|Bolomba|cz|2023-03-23,157028,G->A,GA
Node367,23MPX0274S|Homo_sapiens|DRC|Equateur|Bolomba|cz|2023-03-23,178913,A->G,
Node367,Node370,152715,C->T,AC
Node370,23MPX1199V|Homo_sapiens|DRC|Sud-Ubangi|Libenge|cz|2023-08-09,10319,C->T,AC
Node370,23MPX1199V|Homo_sapiens|DRC|Sud-Ubangi|Libenge|cz|2023-08-09,23528,C->A,
Node370,23MPX1199V|Homo_sapiens|DRC|Sud-Ubangi|Libenge|cz|2023-08-09,39550,G->A,GT
Node370,23MPX1199V|Homo_sapiens|DRC|Sud-Ubangi|Libenge|cz|2023-08-09,47435,C->T,TC
Node370,23MPX1199V|Homo_sapiens|DRC|Sud-Ubangi|Libenge|cz|2023-08-09,61538,T->C,
Node370,23MPX1199V|Homo_sapiens|DRC|Sud-Ubangi|Libenge|cz|2023-08-09,133631,C->T,AC
Node370,23MPX1535C|Homo_sapiens|DRC|Sud-Ubangi|Bangabola|cz|2023-09-11,15023,G->T,
Node370,23MPX1535C|Homo_sapiens|DRC|Sud-Ubangi|Bangabola|cz|2023-09-11,46391,C->A,
Node370,23MPX1535C|Homo_sapiens|DRC|Sud-Ubangi|Bangabola|cz|2023-09-11,62966,G->A,GG
Node370,23MPX1535C|Homo_sapiens|DRC|Sud-Ubangi|Bangabola|cz|2023-09-11,143921,T->A,
Node370,23MPX1535C|Homo_sapiens|DRC|Sud-Ubangi|Bangabola|cz|2023-09-11,160019,G->A,GT
Node370,23MPX1535C|Homo_sapiens|DRC|Sud-Ubangi|Bangabola|cz|2023-09-11,177223,C->A,
Node370,PP601196_24MPX0037V|Homo_sapiens|DRC|Sud-Ubangi|Bulu|bg|2024-01-05,1593,G->T,
Node370,PP601196_24MPX0037V|Homo_sapiens|DRC|Sud-Ubangi|Bulu|bg|2024-01-05,8375,A->G,
Node370,PP601196_24MPX0037V|Homo_sapiens|DRC|Sud-Ubangi|Bulu|bg|2024-01-05,15565,C->T,GC
Node370,PP601196_24MPX0037V|Homo_sapiens|DRC|Sud-Ubangi|Bulu|bg|2024-01-05,74355,G->A,GT
Node370,PP601196_24MPX0037V|Homo_sapiens|DRC|Sud-Ubangi|Bulu|bg|2024-01-05,153273,G->T,
Node370,PP601196_24MPX0037V|Homo_sapiens|DRC|Sud-Ubangi|Bulu|bg|2024-01-05,173481,C->A,
Node367,Node369,10553,G->A,GC
Node367,Node369,83086,A->G,
Node367,Node369,164540,G->A,GT
Node367,Node369,165155,A->T,
Node367,Node369,179514,G->T,
Node363,Node366,27979,C->T,AC
Node363,Node366,61826,C->T,TC
Node363,Node366,148732,G->T,
Node363,Node366,153326,A->G,
Node363,Node366,164316,C->T,GC
Node363,Node366,169703,G->T,
Node363,Node366,190138,G->A,GG
Node361,Node373,15504,G->A,GA
Node361,Node373,17103,G->A,GC
Node361,Node373,26214,C->T,GC
Node361,Node373,79010,G->A,GC
Node361,Node373,88778,T->A,
Node361,Node373,99233,T->G,
Node361,Node373,120680,A->G,
Node361,Node373,148748,A->T,
Node361,Node373,170331,A->C,
Node361,Node373,178923,A->G,
Node361,Node374,19635,G->A,GT
Node361,Node374,105447,G->A,GG
Node361,Node374,108470,C->T,TC
Node361,Node374,156144,G->A,GA
Node361,Node374,159653,A->T,
Node361,Node374,177147,C->T,AC
Node374,Node375,117377,G->A,GT
Node374,23MPX0140C|Homo_sapiens|DRC|Sankuru|Lomela|cz|2022-12-26,18643,T->C,
Node374,23MPX0140C|Homo_sapiens|DRC|Sankuru|Lomela|cz|2022-12-26,19702,C->A,
Node374,23MPX0140C|Homo_sapiens|DRC|Sankuru|Lomela|cz|2022-12-26,74249,C->T,GC
Node374,23MPX0140C|Homo_sapiens|DRC|Sankuru|Lomela|cz|2022-12-26,120431,T->C,
Node374,23MPX0140C|Homo_sapiens|DRC|Sankuru|Lomela|cz|2022-12-26,126726,G->A,GT
Node374,23MPX0140C|Homo_sapiens|DRC|Sankuru|Lomela|cz|2022-12-26,129898,G->A,GC
Node374,23MPX0140C|Homo_sapiens|DRC|Sankuru|Lomela|cz|2022-12-26,156791,C->A,
Node374,23MPX0140C|Homo_sapiens|DRC|Sankuru|Lomela|cz|2022-12-26,166282,C->T,GC
Node361,Node376,5600,A->G,
Node361,Node376,27029,G->A,GA
Node361,Node376,150935,C->T,CC
Node376,Node377,9575,C->T,TC
Node376,Node377,20956,C->T,GC
Node376,Node377,98044,G->A,GA
Node376,Node377,139773,C->T,TC
Node376,Node377,166994,A->T,
Node376,Node377,171629,C->T,GC
Node376,Node377,171914,G->A,GA
Node376,Node377,178638,C->T,TC
Node376,Node377,180920,G->A,GC
Node376,Node380,5184,A->G,
Node376,Node380,6910,C->A,
Node376,Node380,39918,A->C,
Node376,Node380,80319,A->G,
Node376,Node380,81808,G->A,GC
Node376,Node380,82680,C->T,AC
Node376,Node380,113822,C->T,GC
Node376,Node382,41653,G->A,GC
Node376,Node382,68045,A->T,
Node376,Node382,153399,G->A,GG
Node376,Node382,165027,C->T,GC
Node376,Node382,166971,C->T,GC
Node376,Node382,171414,G->A,GC
Node382,Node383,10352,G->T,
Node382,Node383,102716,C->T,AC
Node382,Node383,118260,C->T,GC
Node382,Node383,169062,T->C,
Node383,23MPX1536V|Homo_sapiens|DRC|Sud-Ubangi|Bangabola|cz|2023-09-26,47846,G->A,GC
Node382,MN702451|Homo_sapiens|CAR|Lobaye|Mbaiki|bg|2017-04-14,95803,G->T,
Node382,MN702451|Homo_sapiens|CAR|Lobaye|Mbaiki|bg|2017-04-14,148732,G->T,
Node382,MN702451|Homo_sapiens|CAR|Lobaye|Mbaiki|bg|2017-04-14,169500,G->A,GT
Node382,MN702451|Homo_sapiens|CAR|Lobaye|Mbaiki|bg|2017-04-14,169501,T->A,
Node376,Node384,241,A->C,
Node384,23MPX1538C|Homo_sapiens|DRC|Sud-Ubangi|Bangabola|cz|2023-10-02,171,A->C,
Node384,23MPX1538C|Homo_sapiens|DRC|Sud-Ubangi|Bangabola|cz|2023-10-02,20489,G->T,
Node384,23MPX1538C|Homo_sapiens|DRC|Sud-Ubangi|Bangabola|cz|2023-10-02,26608,A->G,
Node384,23MPX1538C|Homo_sapiens|DRC|Sud-Ubangi|Bangabola|cz|2023-10-02,27741,C->A,
Node384,23MPX1538C|Homo_sapiens|DRC|Sud-Ubangi|Bangabola|cz|2023-10-02,88981,C->T,AC
Node384,23MPX1538C|Homo_sapiens|DRC|Sud-Ubangi|Bangabola|cz|2023-10-02,162916,T->A,
Node384,23MPX1538C|Homo_sapiens|DRC|Sud-Ubangi|Bangabola|cz|2023-10-02,162924,A->T,
Node384,23MPX1538C|Homo_sapiens|DRC|Sud-Ubangi|Bangabola|cz|2023-10-02,162925,T->A,
Node384,23MPX1538C|Homo_sapiens|DRC|Sud-Ubangi|Bangabola|cz|2023-10-02,162926,A->T,
Node384,23MPX1538C|Homo_sapiens|DRC|Sud-Ubangi|Bangabola|cz|2023-10-02,180279,A->T,
Node384,KP849469|Homo_sapiens|DRC|Tshuapa|Boende|bg|2008-XX-XX,10506,A->T,
Node384,KP849469|Homo_sapiens|DRC|Tshuapa|Boende|bg|2008-XX-XX,137273,G->T,
Node384,KP849469|Homo_sapiens|DRC|Tshuapa|Boende|bg|2008-XX-XX,148732,G->T,
Node384,KP849469|Homo_sapiens|DRC|Tshuapa|Boende|bg|2008-XX-XX,169500,G->A,GT
Node384,KP849469|Homo_sapiens|DRC|Tshuapa|Boende|bg|2008-XX-XX,169501,T->A,
Node384,KP849469|Homo_sapiens|DRC|Tshuapa|Boende|bg|2008-XX-XX,178921,T->A,
Node359,Node385,7600,C->T,TC
Node359,Node385,11900,C->T,GC
Node359,Node385,20399,C->T,TC
Node359,Node385,77702,C->A,
Node359,Node385,137383,C->T,GC
Node359,Node385,137428,T->C,
Node359,Node385,154165,C->T,TC
Node359,Node385,157805,G->T,
Node359,Node385,162927,A->T,
Node359,Node385,162928,T->A,
Node359,Node385,169074,G->A,GA
Node359,Node385,170976,T->C,
Node359,Node385,190303,T->C,
Node385,23MPX0064C|Homo_sapiens|DRC|Kasai|Kamuesha|cz|2023-01-05,162916,T->A,
Node67,Node388,32540,T->C,
Node388,Node389,901,G->A,GA
Node388,Node389,12439,G->A,GT
Node388,Node389,81867,G->A,GG
Node390,Node391,162920,A->C,
Node391,Node392,168571,C->T,AC
Node392,22MPX0174V|Homo_sapiens|DRC|Equateur|Bikoro|cz|2022-06-16,9148,G->C,
Node392,22MPX0174V|Homo_sapiens|DRC|Equateur|Bikoro|cz|2022-06-16,99623,T->C,
Node392,22MPX0338C|Homo_sapiens|DRC|Kwango|Kasongolunda|cz|2022-08-12,51311,T->A,
Node392,22MPX0338C|Homo_sapiens|DRC|Kwango|Kasongolunda|cz|2022-08-12,69072,T->G,
Node392,22MPX0338C|Homo_sapiens|DRC|Kwango|Kasongolunda|cz|2022-08-12,77886,C->T,AC
Node392,22MPX0338C|Homo_sapiens|DRC|Kwango|Kasongolunda|cz|2022-08-12,92586,G->A,GA
Node392,22MPX0338C|Homo_sapiens|DRC|Kwango|Kasongolunda|cz|2022-08-12,112166,G->T,
Node392,22MPX0338C|Homo_sapiens|DRC|Kwango|Kasongolunda|cz|2022-08-12,132004,G->A,GA
Node392,22MPX0338C|Homo_sapiens|DRC|Kwango|Kasongolunda|cz|2022-08-12,138875,C->T,TC
Node392,22MPX0338C|Homo_sapiens|DRC|Kwango|Kasongolunda|cz|2022-08-12,172753,G->A,GT
Node392,22MPX0338C|Homo_sapiens|DRC|Kwango|Kasongolunda|cz|2022-08-12,180144,T->A,
Node392,Node397,187190,G->A,GC
Node397,23MPX0269C|Homo_sapiens|DRC|Maindombe|Inongo|cz|2023-03-23,36484,C->T,CC
Node397,23MPX0269C|Homo_sapiens|DRC|Maindombe|Inongo|cz|2023-03-23,39313,C->T,AC
Node397,23MPX0269C|Homo_sapiens|DRC|Maindombe|Inongo|cz|2023-03-23,141970,C->T,AC
Node397,23MPX0269C|Homo_sapiens|DRC|Maindombe|Inongo|cz|2023-03-23,141971,A->T,
Node397,Node402,152230,G->A,GC
Node402,23MPX1455C|Homo_sapiens|DRC|Maindombe|Kiri|cz|2023-08-22,116873,A->G,
Node397,Node404,173659,G->A,GC
Node392,Node396,33509,G->T,
Node396,23MPX1071V|Homo_sapiens|DRC|Equateur|Bolomba|cz|2023-07-22,22940,G->A,GC
Node396,23MPX1071V|Homo_sapiens|DRC|Equateur|Bolomba|cz|2023-07-22,28694,G->A,GC
Node396,24MPX0814C|Homo_sapiens|Equateur|Mbandaka|cz|2024-03-29,18157,T->C,
Node396,24MPX0814C|Homo_sapiens|Equateur|Mbandaka|cz|2024-03-29,123603,C->T,GC
Node396,24MPX0814C|Homo_sapiens|Equateur|Mbandaka|cz|2024-03-29,135295,G->A,GA
Node396,24MPX0814C|Homo_sapiens|Equateur|Mbandaka|cz|2024-03-29,143315,C->T,GC
Node396,24MPX0814C|Homo_sapiens|Equateur|Mbandaka|cz|2024-03-29,162916,T->A,
Node391,Node406,171,A->C,
Node391,Node406,7301,A->G,
Node391,Node406,20556,C->T,TC
Node391,Node406,27440,G->A,GG
Node391,Node406,59687,C->T,GC
Node391,Node406,94816,C->T,TC
Node391,Node406,162933,C->A,
Node391,Node406,187050,T->C,
Node412,Node413,148736,A->T,
Node412,23MPX0878V|Homo_sapiens|DRC|Equateur|Bolomba|cz|2023-05-10,123129,C->T,TC
Node412,23MPX0878V|Homo_sapiens|DRC|Equateur|Bolomba|cz|2023-05-10,161124,G->A,GA
Node406,Node416,108080,C->A,
Node416,Node418,186742,C->T,TC
Node416,Node419,167940,G->C,
Node416,Node419,167941,C->T,GC
Node406,24MPX0756V|Homo_sapiens|Equateur|Lukolela|cz|2024-03-11,18157,T->C,
Node406,24MPX0756V|Homo_sapiens|Equateur|Lukolela|cz|2024-03-11,38874,G->A,GT
Node406,24MPX0756V|Homo_sapiens|Equateur|Lukolela|cz|2024-03-11,123603,C->T,GC
Node406,24MPX0756V|Homo_sapiens|Equateur|Lukolela|cz|2024-03-11,145894,T->C,
Node406,24MPX0756V|Homo_sapiens|Equateur|Lukolela|cz|2024-03-11,152301,C->T,CC
Node406,24MPX0756V|Homo_sapiens|Equateur|Lukolela|cz|2024-03-11,159115,G->A,GC
Node406,24MPX0756V|Homo_sapiens|Equateur|Lukolela|cz|2024-03-11,162916,T->A,
Node406,24MPX0756V|Homo_sapiens|Equateur|Lukolela|cz|2024-03-11,166661,C->T,GC
Node406,24MPX0756V|Homo_sapiens|Equateur|Lukolela|cz|2024-03-11,183337,G->T,
Node390,24MPX0429V|Homo_sapiens|Maindombe|Oshwe|cz|2024-01-08,27009,G->A,GC
Node390,24MPX0429V|Homo_sapiens|Maindombe|Oshwe|cz|2024-01-08,38867,C->T,TC
Node390,24MPX0429V|Homo_sapiens|Maindombe|Oshwe|cz|2024-01-08,58538,G->A,GT
Node390,24MPX0429V|Homo_sapiens|Maindombe|Oshwe|cz|2024-01-08,77992,A->G,
Node390,24MPX0429V|Homo_sapiens|Maindombe|Oshwe|cz|2024-01-08,116699,T->A,
Node389,Node420,12579,C->T,AC
Node389,Node420,22021,C->T,GC
Node389,Node420,33231,T->A,
Node389,Node420,70419,C->A,
Node389,Node420,152124,G->T,
Node389,Node420,158877,T->G,
Node389,Node420,181363,G->A,GG
Node420,23MPX1670V|Homo_sapiens|DRC|Maindombe|Kiri|cz|2023-10-22,169500,G->A,GT
Node388,Node425,18157,T->C,
Node388,Node425,54747,G->T,
Node388,Node425,123603,C->T,GC
Node388,Node425,159115,G->A,GC
Node425,24MPX0757V|Homo_sapiens|Equateur|Ntondo|cz|2024-03-04,39862,T->A,
Node425,24MPX0757V|Homo_sapiens|Equateur|Ntondo|cz|2024-03-04,61145,G->T,
Node66,DQ011154|Homo_sapiens|RC|Likouala|Impfondo|bg|2003-06-09,141981,G->A,GT
Node66,DQ011154|Homo_sapiens|RC|Likouala|Impfondo|bg|2003-06-09,141988,T->C,
Node66,DQ011154|Homo_sapiens|RC|Likouala|Impfondo|bg|2003-06-09,152715,C->T,AC
Node66,DQ011154|Homo_sapiens|RC|Likouala|Impfondo|bg|2003-06-09,178923,A->G,
Node66,DQ011154|Homo_sapiens|RC|Likouala|Impfondo|bg|2003-06-09,188619,C->A,
Node66,Node432,4620,C->T,GC
Node66,Node432,57774,T->C,
Node66,Node432,159653,A->T,
Node66,Node432,168055,A->C,
Node432,MN702452|Homo_sapiens|CAR|Lobaye|Mongoumba|bg|2010-08-10,163894,C->T,TC
Node65,KJ642613|Homo_sapiens|DRC|Equateur|Bokenda|bg|1970-09-01,620,A->G,
Node65,KJ642613|Homo_sapiens|DRC|Equateur|Bokenda|bg|1970-09-01,7445,G->A,GT
Node65,KJ642613|Homo_sapiens|DRC|Equateur|Bokenda|bg|1970-09-01,8224,C->T,GC
Node65,KJ642613|Homo_sapiens|DRC|Equateur|Bokenda|bg|1970-09-01,13359,G->A,GT
Node65,KJ642613|Homo_sapiens|DRC|Equateur|Bokenda|bg|1970-09-01,33659,C->T,GC
Node65,KJ642613|Homo_sapiens|DRC|Equateur|Bokenda|bg|1970-09-01,60686,G->A,GA
Node65,KJ642613|Homo_sapiens|DRC|Equateur|Bokenda|bg|1970-09-01,65424,G->A,GC
Node65,KJ642613|Homo_sapiens|DRC|Equateur|Bokenda|bg|1970-09-01,66885,C->T,AC
Node65,KJ642613|Homo_sapiens|DRC|Equateur|Bokenda|bg|1970-09-01,68972,G->T,
Node65,KJ642613|Homo_sapiens|DRC|Equateur|Bokenda|bg|1970-09-01,81642,C->T,AC
Node65,KJ642613|Homo_sapiens|DRC|Equateur|Bokenda|bg|1970-09-01,113802,C->T,TC
Node65,KJ642613|Homo_sapiens|DRC|Equateur|Bokenda|bg|1970-09-01,135781,G->A,GC
Node65,KJ642613|Homo_sapiens|DRC|Equateur|Bokenda|bg|1970-09-01,146163,G->T,
Node65,KJ642613|Homo_sapiens|DRC|Equateur|Bokenda|bg|1970-09-01,178921,T->A,
Node64,Node433,8973,C->A,
Node64,Node433,20627,G->A,GA
Node64,Node433,58283,A->G,
Node64,Node433,83797,C->T,GC
Node64,Node433,97065,C->T,GC
Node64,Node433,143163,C->T,CC
Node64,Node433,149978,G->A,GT
Node433,Node434,8224,C->T,GC
Node433,Node434,20801,G->A,GT
Node433,Node434,49979,A->G,
Node433,Node434,55182,C->T,AC
Node433,Node434,87598,C->T,TC
Node433,Node434,88142,C->T,TC
Node433,Node434,120278,G->A,GC
Node433,Node434,125868,C->T,CC
Node433,Node434,128112,A->G,
Node433,Node434,165213,C->T,TC
Node433,Node434,165362,C->A,
Node433,Node434,178933,G->A,GT
Node433,Node434,183753,A->G,
Node434,Node435,8877,T->C,
Node434,Node435,15957,T->C,
Node434,Node435,49815,C->A,
Node434,Node435,74398,T->C,
Node434,Node435,134992,G->A,GT
Node434,Node435,147864,T->G,
Node434,Node435,148413,T->C,
Node434,Node435,166790,C->T,GC
Node435,18MPX0170C|Homo_sapiens|DRC|Bas-Uele|Buta|cz|2018-02-13,241,C->A,
Node435,18MPX0170C|Homo_sapiens|DRC|Bas-Uele|Buta|cz|2018-02-13,57348,C->T,TC
Node435,18MPX0170C|Homo_sapiens|DRC|Bas-Uele|Buta|cz|2018-02-13,149558,G->A,GT
Node435,Node436,16888,G->A,GA
Node435,Node436,19899,T->C,
Node435,Node436,35960,T->C,
Node435,Node436,47520,A->G,
Node435,Node436,49928,G->A,GA
Node435,Node436,73714,A->G,
Node435,Node436,87994,C->T,AC
Node435,Node436,90137,G->A,GG
Node435,Node436,150200,T->A,
Node435,Node436,169500,A->G,
Node435,Node436,169501,A->T,
Node434,Node437,40241,C->T,AC
Node434,Node437,65397,C->T,CC
Node434,Node437,84895,C->T,GC
Node434,Node437,103295,C->T,AC
Node434,Node437,112166,G->A,GC
Node434,Node437,121064,A->G,
Node434,Node437,135739,G->T,
Node437,Node438,241,C->A,
Node437,Node438,169500,A->G,
Node437,Node438,169501,A->T,
Node438,Node439,30482,A->T,
Node438,Node439,41926,C->T,CC
Node438,Node439,82190,C->T,AC
Node438,Node439,107942,G->A,GA
Node438,Node439,134983,G->A,GT
Node438,Node439,143368,A->G,
Node438,Node439,148739,T->G,
Node438,Node439,188553,C->T,GC
Node439,Node441,174357,C->T,CC
Node439,23MPX0476V|Homo_sapiens|DRC|Maindombe|Bosobe|cz|2023-04-04,158381,G->A,GT
Node438,Node442,29767,T->C,
Node438,Node442,32047,G->T,
Node438,Node442,53263,C->T,TC
Node438,Node442,74206,T->G,
Node438,Node442,84172,C->A,
Node438,Node442,175765,G->A,GG
Node437,Node444,180180,T->A,
Node444,Node446,20955,G->A,GC
Node444,Node446,89549,G->A,GT
Node444,Node446,129867,C->T,GC
Node444,Node446,153002,A->G,
Node444,MN702446|Homo_sapiens|CAR|Mbomou|Rafai|bg|2018-04-14,10718,G->T,
Node444,MN702446|Homo_sapiens|CAR|Mbomou|Rafai|bg|2018-04-14,44811,G->A,GA
Node444,MN702446|Homo_sapiens|CAR|Mbomou|Rafai|bg|2018-04-14,178849,C->G,
Node444,MN702446|Homo_sapiens|CAR|Mbomou|Rafai|bg|2018-04-14,178852,T->G,
Node444,MN702446|Homo_sapiens|CAR|Mbomou|Rafai|bg|2018-04-14,181422,C->G,
Node437,Node447,135363,C->T,GC
Node437,Node447,158910,C->T,CC
Node437,Node447,188909,G->A,GC
Node447,MT724772|Funisciurus_anerythrus|DRC|Tshopo|Tshopo|bg|2014-01-01,41097,T->A,
Node447,MT724772|Funisciurus_anerythrus|DRC|Tshopo|Tshopo|bg|2014-01-01,41099,A->T,
Node447,MT724772|Funisciurus_anerythrus|DRC|Tshopo|Tshopo|bg|2014-01-01,50245,A->G,
Node447,MT724772|Funisciurus_anerythrus|DRC|Tshopo|Tshopo|bg|2014-01-01,158486,G->T,
Node447,MT724772|Funisciurus_anerythrus|DRC|Tshopo|Tshopo|bg|2014-01-01,159051,G->A,GG
Node447,MT724772|Funisciurus_anerythrus|DRC|Tshopo|Tshopo|bg|2014-01-01,188420,A->G,
Node433,Node448,6600,G->T,
Node433,Node448,110532,G->A,GT
Node433,Node448,183889,A->C,
Node448,DQ011155|Homo_sapiens|DRC|Sankuru|Mindembo|bg|1978-11-09,241,C->A,
Node448,DQ011155|Homo_sapiens|DRC|Sankuru|Mindembo|bg|1978-11-09,6100,G->A,GC
Node448,DQ011155|Homo_sapiens|DRC|Sankuru|Mindembo|bg|1978-11-09,11363,T->C,
Node448,DQ011155|Homo_sapiens|DRC|Sankuru|Mindembo|bg|1978-11-09,21633,C->T,AC
Node448,DQ011155|Homo_sapiens|DRC|Sankuru|Mindembo|bg|1978-11-09,35994,C->G,
Node448,DQ011155|Homo_sapiens|DRC|Sankuru|Mindembo|bg|1978-11-09,37989,T->C,
Node448,DQ011155|Homo_sapiens|DRC|Sankuru|Mindembo|bg|1978-11-09,44147,A->C,
Node448,DQ011155|Homo_sapiens|DRC|Sankuru|Mindembo|bg|1978-11-09,129252,C->T,GC
Node448,DQ011155|Homo_sapiens|DRC|Sankuru|Mindembo|bg|1978-11-09,140036,C->A,
Node448,DQ011155|Homo_sapiens|DRC|Sankuru|Mindembo|bg|1978-11-09,165893,G->A,GT
Node448,DQ011155|Homo_sapiens|DRC|Sankuru|Mindembo|bg|1978-11-09,171132,G->A,GC
Node448,DQ011155|Homo_sapiens|DRC|Sankuru|Mindembo|bg|1978-11-09,178028,C->T,GC
Node448,DQ011155|Homo_sapiens|DRC|Sankuru|Mindembo|bg|1978-11-09,178923,A->G,
Node448,DQ011155|Homo_sapiens|DRC|Sankuru|Mindembo|bg|1978-11-09,190759,C->T,GC
Node448,Node449,23071,A->G,
Node448,Node449,47445,G->T,
Node448,Node449,48566,G->A,GC
Node448,Node449,57488,C->T,CC
Node448,Node449,169255,C->A,
Node448,Node449,178921,T->A,
Node449,Node450,241,C->A,
Node449,Node450,93372,G->A,GC
Node449,Node450,123533,G->A,GA
Node449,Node450,126697,G->A,GG
Node449,Node450,135781,G->A,GC
Node449,Node450,136092,C->A,
Node449,Node450,148734,A->T,
Node449,Node450,154263,G->T,
Node449,Node450,158373,C->A,
Node449,Node450,167123,T->C,
Node449,Node450,179155,G->T,
Node450,KC257459|Homo_sapiens|Sudan|Nuria||bg|2005-XX-XX,4244,C->T,TC
Node450,KC257459|Homo_sapiens|Sudan|Nuria||bg|2005-XX-XX,44701,A->G,
Node450,KC257459|Homo_sapiens|Sudan|Nuria||bg|2005-XX-XX,88547,C->A,
Node450,KC257459|Homo_sapiens|Sudan|Nuria||bg|2005-XX-XX,129227,C->A,
Node450,KC257459|Homo_sapiens|Sudan|Nuria||bg|2005-XX-XX,135694,G->T,
Node450,KC257459|Homo_sapiens|Sudan|Nuria||bg|2005-XX-XX,172484,G->A,GA
Node450,OQ621553|Homo_sapiens|Sudan|||bg|2022-10-XX,2367,G->A,GG
Node450,OQ621553|Homo_sapiens|Sudan|||bg|2022-10-XX,2711,C->T,GC
Node450,OQ621553|Homo_sapiens|Sudan|||bg|2022-10-XX,3806,G->A,GA
Node450,OQ621553|Homo_sapiens|Sudan|||bg|2022-10-XX,19843,C->T,AC
Node450,OQ621553|Homo_sapiens|Sudan|||bg|2022-10-XX,24972,C->A,
Node450,OQ621553|Homo_sapiens|Sudan|||bg|2022-10-XX,25206,G->T,
Node450,OQ621553|Homo_sapiens|Sudan|||bg|2022-10-XX,35646,C->T,GC
Node450,OQ621553|Homo_sapiens|Sudan|||bg|2022-10-XX,48569,C->G,
Node450,OQ621553|Homo_sapiens|Sudan|||bg|2022-10-XX,52714,G->A,GT
Node450,OQ621553|Homo_sapiens|Sudan|||bg|2022-10-XX,61777,C->T,GC
Node450,OQ621553|Homo_sapiens|Sudan|||bg|2022-10-XX,67346,C->A,
Node450,OQ621553|Homo_sapiens|Sudan|||bg|2022-10-XX,74905,C->T,GC
Node450,OQ621553|Homo_sapiens|Sudan|||bg|2022-10-XX,74930,C->T,AC
Node450,OQ621553|Homo_sapiens|Sudan|||bg|2022-10-XX,78457,G->A,GC
Node450,OQ621553|Homo_sapiens|Sudan|||bg|2022-10-XX,103344,C->T,GC
Node450,OQ621553|Homo_sapiens|Sudan|||bg|2022-10-XX,110534,G->A,GC
Node450,OQ621553|Homo_sapiens|Sudan|||bg|2022-10-XX,120670,G->T,
Node450,OQ621553|Homo_sapiens|Sudan|||bg|2022-10-XX,132018,C->T,GC
Node450,OQ621553|Homo_sapiens|Sudan|||bg|2022-10-XX,134863,G->C,
Node450,OQ621553|Homo_sapiens|Sudan|||bg|2022-10-XX,136329,C->A,
Node450,OQ621553|Homo_sapiens|Sudan|||bg|2022-10-XX,141989,A->T,
Node450,OQ621553|Homo_sapiens|Sudan|||bg|2022-10-XX,141990,A->G,
Node450,OQ621553|Homo_sapiens|Sudan|||bg|2022-10-XX,144174,C->T,AC
Node450,OQ621553|Homo_sapiens|Sudan|||bg|2022-10-XX,154478,A->T,
Node450,OQ621553|Homo_sapiens|Sudan|||bg|2022-10-XX,169470,A->G,
Node450,OQ621553|Homo_sapiens|Sudan|||bg|2022-10-XX,169471,C->A,
Node450,OQ621553|Homo_sapiens|Sudan|||bg|2022-10-XX,169481,T->A,
Node450,OQ621553|Homo_sapiens|Sudan|||bg|2022-10-XX,169483,C->T,AC
Node450,OQ621553|Homo_sapiens|Sudan|||bg|2022-10-XX,169489,C->G,
Node450,OQ621553|Homo_sapiens|Sudan|||bg|2022-10-XX,169493,T->G,
Node450,OQ621553|Homo_sapiens|Sudan|||bg|2022-10-XX,169495,C->A,
Node450,OQ621553|Homo_sapiens|Sudan|||bg|2022-10-XX,169499,T->A,
Node450,OQ621553|Homo_sapiens|Sudan|||bg|2022-10-XX,169500,A->G,
Node450,OQ621553|Homo_sapiens|Sudan|||bg|2022-10-XX,178921,A->T,
Node450,OQ621553|Homo_sapiens|Sudan|||bg|2022-10-XX,178923,A->G,
Node450,OQ621553|Homo_sapiens|Sudan|||bg|2022-10-XX,182650,G->A,GC
Node449,KC257460|Homo_sapiens|DRC|Mongala|Yandongi|bg|1985-XX-XX,620,A->G,
Node449,KC257460|Homo_sapiens|DRC|Mongala|Yandongi|bg|1985-XX-XX,164315,G->A,GC
Node449,KC257460|Homo_sapiens|DRC|Mongala|Yandongi|bg|1985-XX-XX,182390,G->T,
Node5,Node451,19049,T->A,
Node5,Node451,42209,G->A,GC
Node5,Node451,56842,C->A,
Node5,Node451,58670,G->T,
Node5,Node451,59951,C->T,GC
Node5,Node451,89540,C->T,GC
Node5,Node451,111818,C->A,
Node5,Node451,124688,G->A,GC
Node5,Node451,136139,A->G,
Node5,Node451,147805,G->A,GC
Node5,Node451,148301,G->A,GG
Node5,Node451,164819,A->G,
Node5,Node451,186992,G->A,GA
Node451,Node452,78294,C->T,GC
Node451,Node452,84586,T->C,
Node451,Node452,131866,G->T,
Node452,Node453,5294,C->T,GC
Node452,Node453,8317,C->A,
Node452,Node453,15267,C->A,
Node452,Node453,23374,C->A,
Node452,Node453,54359,T->C,
Node452,Node453,101138,G->A,GC
Node452,Node453,124634,G->A,GC
Node452,Node453,152901,T->C,
Node452,Node453,156684,G->A,GC
Node452,Node453,171280,C->T,GC
Node453,Node455,5294,T->A,
Node453,Node455,17803,C->A,
Node453,Node455,57298,A->G,
Node453,Node455,58622,C->A,
Node453,Node455,60344,C->T,CC
Node453,Node455,69433,G->A,GC
Node453,Node455,78840,C->T,CC
Node453,Node455,126868,G->A,GA
Node453,Node455,137082,G->A,GT
Node453,Node455,147648,A->G,
Node453,Node455,157115,C->T,GC
Node453,Node455,161269,C->T,TC
Node453,Node455,167596,C->T,GC
Node453,Node466,176589,G->T,
Node466,Node467,241,C->A,
Node466,Node467,3372,G->A,GT
Node466,Node467,10415,A->C,
Node466,Node467,10416,G->C,
Node466,Node467,34418,G->T,
Node466,Node467,59687,C->T,GC
Node466,Node467,73324,C->A,
Node466,Node467,93705,G->T,
Node466,Node467,123047,A->G,
Node466,Node467,148757,T->A,
Node466,Node467,148760,A->T,
Node466,Node467,157615,C->T,TC
Node467,Node469,17494,G->A,GT
Node467,Node469,38744,C->G,
Node469,22hMPX036C|Homo_sapiens|DRC|Maniema|Tunda|cz|2022-08-15,1518,C->T,TC
Node469,22hMPX036C|Homo_sapiens|DRC|Maniema|Tunda|cz|2022-08-15,169501,T->A,
Node469,Node470,12471,C->T,TC
Node469,Node470,12626,C->T,GC
Node467,Node471,7586,G->A,GC
Node467,Node471,77288,C->A,
Node467,Node471,161974,A->G,
Node471,Node472,169500,G->A,GT
Node471,Node472,169501,T->A,
Node472,22MPX0035V|Homo_sapiens|DRC|Maniema|Kindu|co|2022-02-05,76071,G->A,GT
Node472,22MPX0035V|Homo_sapiens|DRC|Maniema|Kindu|co|2022-02-05,169499,T->A,
Node471,22MPX0127C|Homo_sapiens|DRC|Maniema|Tunda|cz|2022-05-13,156443,C->T,TC
Node467,22MPX0191V|Homo_sapiens|DRC|Maniema|Kindu|cz|2022-06-20,159548,A->T,
Node467,22MPX0191V|Homo_sapiens|DRC|Maniema|Kindu|cz|2022-06-20,164515,G->A,GA
Node466,22MPX0317V|Homo_sapiens|DRC|Maniema|Alunguli|cz|2022-08-18,31856,C->T,AC
Node466,22MPX0317V|Homo_sapiens|DRC|Maniema|Alunguli|cz|2022-08-18,59767,G->A,GC
Node466,22MPX0317V|Homo_sapiens|DRC|Maniema|Alunguli|cz|2022-08-18,87097,C->T,AC
Node466,22MPX0317V|Homo_sapiens|DRC|Maniema|Alunguli|cz|2022-08-18,92975,A->G,
Node453,Node456,169483,C->T,AC
Node453,Node456,178923,A->G,
Node456,Node458,34034,G->A,GT
Node458,Node459,21568,G->A,GC
Node458,Node459,40123,G->T,
Node458,Node459,75040,A->T,
Node458,Node459,166703,C->T,AC
Node458,Node459,189286,G->A,GC
Node459,Node460,2611,C->T,GC
Node459,Node460,21047,A->G,
Node459,Node460,26011,G->A,GT
Node459,Node460,27796,G->A,GC
Node459,Node460,44238,C->T,GC
Node459,Node460,52197,T->C,
Node459,Node460,91277,G->T,
Node459,Node460,113900,T->C,
Node459,Node460,127052,G->T,
Node459,Node460,132843,G->A,GT
Node459,Node460,169483,T->C,
Node459,Node460,172831,T->C,
Node459,Node460,178913,A->G,
Node459,Node460,181010,C->A,
Node460,22hMPX037V|Homo_sapiens|DRC|Maniema|Tunda|cz|2022-08-15,143908,T->C,
Node460,22hMPX037V|Homo_sapiens|DRC|Maniema|Tunda|cz|2022-08-15,148736,A->T,
Node460,Node462,20104,G->C,
Node460,Node462,159873,G->A,GC
Node459,Node463,113866,G->A,GT
Node459,Node463,124073,T->C,
Node463,23MPX1484V|Homo_sapiens|DRC|Sankuru|Vanga-Kete|cz|2023-10-01,9769,G->A,GG
Node463,23MPX1484V|Homo_sapiens|DRC|Sankuru|Vanga-Kete|cz|2023-10-01,15265,C->T,GC
Node463,23MPX1484V|Homo_sapiens|DRC|Sankuru|Vanga-Kete|cz|2023-10-01,85246,G->A,GA
Node463,23MPX1484V|Homo_sapiens|DRC|Sankuru|Vanga-Kete|cz|2023-10-01,94578,C->T,AC
Node463,23MPX1484V|Homo_sapiens|DRC|Sankuru|Vanga-Kete|cz|2023-10-01,98340,G->A,GC
Node463,23MPX1484V|Homo_sapiens|DRC|Sankuru|Vanga-Kete|cz|2023-10-01,107918,T->C,
Node463,23MPX1484V|Homo_sapiens|DRC|Sankuru|Vanga-Kete|cz|2023-10-01,118879,C->T,GC
Node463,23MPX1484V|Homo_sapiens|DRC|Sankuru|Vanga-Kete|cz|2023-10-01,150008,G->A,GT
Node463,23MPX1484V|Homo_sapiens|DRC|Sankuru|Vanga-Kete|cz|2023-10-01,178904,A->G,
Node463,23MPX1484V|Homo_sapiens|DRC|Sankuru|Vanga-Kete|cz|2023-10-01,178913,A->G,
Node463,JX878426|Homo_sapiens|DRC|Sankuru|Kole|bg|2007-05-27,56500,G->A,GT
Node463,JX878426|Homo_sapiens|DRC|Sankuru|Kole|bg|2007-05-27,185188,C->T,AC
Node456,Node464,21750,C->T,GC
Node464,JX878418|Homo_sapiens|DRC|Sankuru|Djalo-ndjeka|bg|2007-01-02,1972,G->A,GT
Node464,JX878418|Homo_sapiens|DRC|Sankuru|Djalo-ndjeka|bg|2007-01-02,52512,A->G,
Node464,JX878418|Homo_sapiens|DRC|Sankuru|Djalo-ndjeka|bg|2007-01-02,63076,G->T,
Node464,JX878418|Homo_sapiens|DRC|Sankuru|Djalo-ndjeka|bg|2007-01-02,76633,G->A,GC
Node464,JX878418|Homo_sapiens|DRC|Sankuru|Djalo-ndjeka|bg|2007-01-02,97859,G->A,GA
Node464,JX878418|Homo_sapiens|DRC|Sankuru|Djalo-ndjeka|bg|2007-01-02,118911,G->T,
Node464,JX878418|Homo_sapiens|DRC|Sankuru|Djalo-ndjeka|bg|2007-01-02,122654,C->T,GC
Node464,JX878418|Homo_sapiens|DRC|Sankuru|Djalo-ndjeka|bg|2007-01-02,152971,C->A,
Node464,JX878418|Homo_sapiens|DRC|Sankuru|Djalo-ndjeka|bg|2007-01-02,173755,C->T,GC
Node464,JX878418|Homo_sapiens|DRC|Sankuru|Djalo-ndjeka|bg|2007-01-02,187056,G->A,GT
Node464,JX878418|Homo_sapiens|DRC|Sankuru|Djalo-ndjeka|bg|2007-01-02,187638,A->C,
Node464,NC_003310|Homo_sapiens|DRC|Sankuru|Katako-kombe|bg|1996-XX-XX,2723,T->A,
Node464,NC_003310|Homo_sapiens|DRC|Sankuru|Katako-kombe|bg|1996-XX-XX,9420,G->A,GC
Node464,NC_003310|Homo_sapiens|DRC|Sankuru|Katako-kombe|bg|1996-XX-XX,26426,A->T,
Node464,NC_003310|Homo_sapiens|DRC|Sankuru|Katako-kombe|bg|1996-XX-XX,26978,C->T,AC
Node464,NC_003310|Homo_sapiens|DRC|Sankuru|Katako-kombe|bg|1996-XX-XX,28452,C->T,CC
Node464,NC_003310|Homo_sapiens|DRC|Sankuru|Katako-kombe|bg|1996-XX-XX,29363,T->C,
Node464,NC_003310|Homo_sapiens|DRC|Sankuru|Katako-kombe|bg|1996-XX-XX,31045,C->T,GC
Node464,NC_003310|Homo_sapiens|DRC|Sankuru|Katako-kombe|bg|1996-XX-XX,31047,T->C,
Node464,NC_003310|Homo_sapiens|DRC|Sankuru|Katako-kombe|bg|1996-XX-XX,32774,T->A,
Node464,NC_003310|Homo_sapiens|DRC|Sankuru|Katako-kombe|bg|1996-XX-XX,32846,T->A,
Node464,NC_003310|Homo_sapiens|DRC|Sankuru|Katako-kombe|bg|1996-XX-XX,32886,T->A,
Node464,NC_003310|Homo_sapiens|DRC|Sankuru|Katako-kombe|bg|1996-XX-XX,34055,G->A,GT
Node464,NC_003310|Homo_sapiens|DRC|Sankuru|Katako-kombe|bg|1996-XX-XX,34351,A->G,
Node464,NC_003310|Homo_sapiens|DRC|Sankuru|Katako-kombe|bg|1996-XX-XX,34358,T->C,
Node464,NC_003310|Homo_sapiens|DRC|Sankuru|Katako-kombe|bg|1996-XX-XX,35188,T->C,
Node464,NC_003310|Homo_sapiens|DRC|Sankuru|Katako-kombe|bg|1996-XX-XX,36827,G->A,GA
Node464,NC_003310|Homo_sapiens|DRC|Sankuru|Katako-kombe|bg|1996-XX-XX,36971,T->A,
Node464,NC_003310|Homo_sapiens|DRC|Sankuru|Katako-kombe|bg|1996-XX-XX,37257,G->A,GC
Node464,NC_003310|Homo_sapiens|DRC|Sankuru|Katako-kombe|bg|1996-XX-XX,37802,G->A,GG
Node464,NC_003310|Homo_sapiens|DRC|Sankuru|Katako-kombe|bg|1996-XX-XX,39984,T->A,
Node464,NC_003310|Homo_sapiens|DRC|Sankuru|Katako-kombe|bg|1996-XX-XX,40454,C->T,GC
Node464,NC_003310|Homo_sapiens|DRC|Sankuru|Katako-kombe|bg|1996-XX-XX,40685,T->A,
Node464,NC_003310|Homo_sapiens|DRC|Sankuru|Katako-kombe|bg|1996-XX-XX,41474,T->C,
Node464,NC_003310|Homo_sapiens|DRC|Sankuru|Katako-kombe|bg|1996-XX-XX,42514,A->T,
Node464,NC_003310|Homo_sapiens|DRC|Sankuru|Katako-kombe|bg|1996-XX-XX,52570,A->G,
Node464,NC_003310|Homo_sapiens|DRC|Sankuru|Katako-kombe|bg|1996-XX-XX,62239,G->C,
Node464,NC_003310|Homo_sapiens|DRC|Sankuru|Katako-kombe|bg|1996-XX-XX,63176,T->A,
Node464,NC_003310|Homo_sapiens|DRC|Sankuru|Katako-kombe|bg|1996-XX-XX,63220,C->T,CC
Node464,NC_003310|Homo_sapiens|DRC|Sankuru|Katako-kombe|bg|1996-XX-XX,63514,T->C,
Node464,NC_003310|Homo_sapiens|DRC|Sankuru|Katako-kombe|bg|1996-XX-XX,64199,A->C,
Node464,NC_003310|Homo_sapiens|DRC|Sankuru|Katako-kombe|bg|1996-XX-XX,64443,T->A,
Node464,NC_003310|Homo_sapiens|DRC|Sankuru|Katako-kombe|bg|1996-XX-XX,65215,G->T,
Node464,NC_003310|Homo_sapiens|DRC|Sankuru|Katako-kombe|bg|1996-XX-XX,67415,T->C,
Node464,NC_003310|Homo_sapiens|DRC|Sankuru|Katako-kombe|bg|1996-XX-XX,68144,T->C,
Node464,NC_003310|Homo_sapiens|DRC|Sankuru|Katako-kombe|bg|1996-XX-XX,69622,A->G,
Node464,NC_003310|Homo_sapiens|DRC|Sankuru|Katako-kombe|bg|1996-XX-XX,69627,C->T,AC
Node464,NC_003310|Homo_sapiens|DRC|Sankuru|Katako-kombe|bg|1996-XX-XX,72777,A->T,
Node464,NC_003310|Homo_sapiens|DRC|Sankuru|Katako-kombe|bg|1996-XX-XX,73695,T->C,
Node464,NC_003310|Homo_sapiens|DRC|Sankuru|Katako-kombe|bg|1996-XX-XX,76050,A->T,
Node464,NC_003310|Homo_sapiens|DRC|Sankuru|Katako-kombe|bg|1996-XX-XX,76385,T->C,
Node464,NC_003310|Homo_sapiens|DRC|Sankuru|Katako-kombe|bg|1996-XX-XX,77624,A->T,
Node464,NC_003310|Homo_sapiens|DRC|Sankuru|Katako-kombe|bg|1996-XX-XX,78557,C->T,TC
Node464,NC_003310|Homo_sapiens|DRC|Sankuru|Katako-kombe|bg|1996-XX-XX,80798,T->C,
Node464,NC_003310|Homo_sapiens|DRC|Sankuru|Katako-kombe|bg|1996-XX-XX,84253,C->A,
Node464,NC_003310|Homo_sapiens|DRC|Sankuru|Katako-kombe|bg|1996-XX-XX,84690,C->T,GC
Node464,NC_003310|Homo_sapiens|DRC|Sankuru|Katako-kombe|bg|1996-XX-XX,84821,T->C,
Node464,NC_003310|Homo_sapiens|DRC|Sankuru|Katako-kombe|bg|1996-XX-XX,84914,T->G,
Node464,NC_003310|Homo_sapiens|DRC|Sankuru|Katako-kombe|bg|1996-XX-XX,86229,C->T,TC
Node464,NC_003310|Homo_sapiens|DRC|Sankuru|Katako-kombe|bg|1996-XX-XX,90591,G->A,GC
Node464,NC_003310|Homo_sapiens|DRC|Sankuru|Katako-kombe|bg|1996-XX-XX,110585,T->C,
Node464,NC_003310|Homo_sapiens|DRC|Sankuru|Katako-kombe|bg|1996-XX-XX,118077,A->G,
Node464,NC_003310|Homo_sapiens|DRC|Sankuru|Katako-kombe|bg|1996-XX-XX,124734,T->C,
Node464,NC_003310|Homo_sapiens|DRC|Sankuru|Katako-kombe|bg|1996-XX-XX,125218,T->C,
Node464,NC_003310|Homo_sapiens|DRC|Sankuru|Katako-kombe|bg|1996-XX-XX,125269,T->C,
Node464,NC_003310|Homo_sapiens|DRC|Sankuru|Katako-kombe|bg|1996-XX-XX,127263,T->C,
Node464,NC_003310|Homo_sapiens|DRC|Sankuru|Katako-kombe|bg|1996-XX-XX,127849,T->C,
Node464,NC_003310|Homo_sapiens|DRC|Sankuru|Katako-kombe|bg|1996-XX-XX,128117,T->C,
Node464,NC_003310|Homo_sapiens|DRC|Sankuru|Katako-kombe|bg|1996-XX-XX,128475,T->C,
Node464,NC_003310|Homo_sapiens|DRC|Sankuru|Katako-kombe|bg|1996-XX-XX,128514,T->C,
Node464,NC_003310|Homo_sapiens|DRC|Sankuru|Katako-kombe|bg|1996-XX-XX,129246,T->C,
Node464,NC_003310|Homo_sapiens|DRC|Sankuru|Katako-kombe|bg|1996-XX-XX,133008,T->C,
Node464,NC_003310|Homo_sapiens|DRC|Sankuru|Katako-kombe|bg|1996-XX-XX,133105,A->C,
Node464,NC_003310|Homo_sapiens|DRC|Sankuru|Katako-kombe|bg|1996-XX-XX,136725,G->A,GC
Node464,NC_003310|Homo_sapiens|DRC|Sankuru|Katako-kombe|bg|1996-XX-XX,138483,T->C,
Node464,NC_003310|Homo_sapiens|DRC|Sankuru|Katako-kombe|bg|1996-XX-XX,140794,T->C,
Node464,NC_003310|Homo_sapiens|DRC|Sankuru|Katako-kombe|bg|1996-XX-XX,141598,T->C,
Node464,NC_003310|Homo_sapiens|DRC|Sankuru|Katako-kombe|bg|1996-XX-XX,142727,T->C,
Node464,NC_003310|Homo_sapiens|DRC|Sankuru|Katako-kombe|bg|1996-XX-XX,143111,T->A,
Node464,NC_003310|Homo_sapiens|DRC|Sankuru|Katako-kombe|bg|1996-XX-XX,143735,A->G,
Node464,NC_003310|Homo_sapiens|DRC|Sankuru|Katako-kombe|bg|1996-XX-XX,143902,G->A,GG
Node464,NC_003310|Homo_sapiens|DRC|Sankuru|Katako-kombe|bg|1996-XX-XX,144857,A->T,
Node464,NC_003310|Homo_sapiens|DRC|Sankuru|Katako-kombe|bg|1996-XX-XX,144959,G->A,GA
Node464,NC_003310|Homo_sapiens|DRC|Sankuru|Katako-kombe|bg|1996-XX-XX,145020,A->T,
Node464,NC_003310|Homo_sapiens|DRC|Sankuru|Katako-kombe|bg|1996-XX-XX,145550,A->G,
Node464,NC_003310|Homo_sapiens|DRC|Sankuru|Katako-kombe|bg|1996-XX-XX,145653,C->T,AC
Node464,NC_003310|Homo_sapiens|DRC|Sankuru|Katako-kombe|bg|1996-XX-XX,145742,T->C,
Node464,NC_003310|Homo_sapiens|DRC|Sankuru|Katako-kombe|bg|1996-XX-XX,158663,C->T,GC
Node464,NC_003310|Homo_sapiens|DRC|Sankuru|Katako-kombe|bg|1996-XX-XX,161353,G->A,GG
Node464,NC_003310|Homo_sapiens|DRC|Sankuru|Katako-kombe|bg|1996-XX-XX,166248,G->A,GC
Node464,NC_003310|Homo_sapiens|DRC|Sankuru|Katako-kombe|bg|1996-XX-XX,166791,C->T,CC
Node464,NC_003310|Homo_sapiens|DRC|Sankuru|Katako-kombe|bg|1996-XX-XX,169599,T->C,
Node464,NC_003310|Homo_sapiens|DRC|Sankuru|Katako-kombe|bg|1996-XX-XX,169783,A->G,
Node464,NC_003310|Homo_sapiens|DRC|Sankuru|Katako-kombe|bg|1996-XX-XX,182642,C->T,GC
Node464,NC_003310|Homo_sapiens|DRC|Sankuru|Katako-kombe|bg|1996-XX-XX,182643,T->C,
Node464,NC_003310|Homo_sapiens|DRC|Sankuru|Katako-kombe|bg|1996-XX-XX,183182,C->A,
Node464,NC_003310|Homo_sapiens|DRC|Sankuru|Katako-kombe|bg|1996-XX-XX,183212,C->A,
Node464,NC_003310|Homo_sapiens|DRC|Sankuru|Katako-kombe|bg|1996-XX-XX,184666,C->T,CC
Node464,NC_003310|Homo_sapiens|DRC|Sankuru|Katako-kombe|bg|1996-XX-XX,185060,A->G,
Node464,NC_003310|Homo_sapiens|DRC|Sankuru|Katako-kombe|bg|1996-XX-XX,185159,G->A,GC
Node464,NC_003310|Homo_sapiens|DRC|Sankuru|Katako-kombe|bg|1996-XX-XX,186190,T->C,
Node464,NC_003310|Homo_sapiens|DRC|Sankuru|Katako-kombe|bg|1996-XX-XX,186218,T->G,
Node464,NC_003310|Homo_sapiens|DRC|Sankuru|Katako-kombe|bg|1996-XX-XX,186219,C->T,TC
Node464,NC_003310|Homo_sapiens|DRC|Sankuru|Katako-kombe|bg|1996-XX-XX,186992,A->G,
Node456,Node465,26067,G->A,GT
Node456,Node465,97254,G->A,GT
Node456,Node465,139452,G->T,
Node456,Node465,151063,C->G,
Node456,Node465,160570,G->A,GT
Node456,Node465,170002,C->A,
Node452,22MPX0113C|Homo_sapiens|DRC|Kwilu|Masi-manimba|cz|2022-05-13,241,C->A,
Node452,22MPX0113C|Homo_sapiens|DRC|Kwilu|Masi-manimba|cz|2022-05-13,16506,A->G,
Node452,22MPX0113C|Homo_sapiens|DRC|Kwilu|Masi-manimba|cz|2022-05-13,32523,G->A,GA
Node452,22MPX0113C|Homo_sapiens|DRC|Kwilu|Masi-manimba|cz|2022-05-13,47094,C->A,
Node452,22MPX0113C|Homo_sapiens|DRC|Kwilu|Masi-manimba|cz|2022-05-13,64800,C->T,TC
Node452,22MPX0113C|Homo_sapiens|DRC|Kwilu|Masi-manimba|cz|2022-05-13,88119,T->C,
Node452,22MPX0113C|Homo_sapiens|DRC|Kwilu|Masi-manimba|cz|2022-05-13,97921,T->A,
Node452,22MPX0113C|Homo_sapiens|DRC|Kwilu|Masi-manimba|cz|2022-05-13,123338,C->T,GC
Node452,22MPX0113C|Homo_sapiens|DRC|Kwilu|Masi-manimba|cz|2022-05-13,127649,C->A,
Node452,22MPX0113C|Homo_sapiens|DRC|Kwilu|Masi-manimba|cz|2022-05-13,145533,C->T,GC
Node452,22MPX0113C|Homo_sapiens|DRC|Kwilu|Masi-manimba|cz|2022-05-13,147506,G->A,GC
Node452,22MPX0113C|Homo_sapiens|DRC|Kwilu|Masi-manimba|cz|2022-05-13,149983,A->G,
Node452,22MPX0113C|Homo_sapiens|DRC|Kwilu|Masi-manimba|cz|2022-05-13,159973,G->A,GC
Node452,22MPX0113C|Homo_sapiens|DRC|Kwilu|Masi-manimba|cz|2022-05-13,160570,G->A,GT
Node452,22MPX0113C|Homo_sapiens|DRC|Kwilu|Masi-manimba|cz|2022-05-13,171907,C->T,GC
Node452,22MPX0113C|Homo_sapiens|DRC|Kwilu|Masi-manimba|cz|2022-05-13,172471,G->A,GC
Node452,22MPX0113C|Homo_sapiens|DRC|Kwilu|Masi-manimba|cz|2022-05-13,174291,A->T,
Node452,22MPX0113C|Homo_sapiens|DRC|Kwilu|Masi-manimba|cz|2022-05-13,183152,T->C,
Node452,22MPX0113C|Homo_sapiens|DRC|Kwilu|Masi-manimba|cz|2022-05-13,187767,C->A,
Node451,KJ642612|Homo_sapiens|DRC|Kwilu|Idiofa-Ikubi|bg|1986-XX-XX,18351,G->A,GC
Node451,KJ642612|Homo_sapiens|DRC|Kwilu|Idiofa-Ikubi|bg|1986-XX-XX,33749,G->A,GC
Node451,KJ642612|Homo_sapiens|DRC|Kwilu|Idiofa-Ikubi|bg|1986-XX-XX,35849,T->A,
Node451,KJ642612|Homo_sapiens|DRC|Kwilu|Idiofa-Ikubi|bg|1986-XX-XX,37999,G->T,
Node451,KJ642612|Homo_sapiens|DRC|Kwilu|Idiofa-Ikubi|bg|1986-XX-XX,41200,G->A,GA
Node451,KJ642612|Homo_sapiens|DRC|Kwilu|Idiofa-Ikubi|bg|1986-XX-XX,55842,G->A,GT
Node451,KJ642612|Homo_sapiens|DRC|Kwilu|Idiofa-Ikubi|bg|1986-XX-XX,56226,G->A,GT
Node451,KJ642612|Homo_sapiens|DRC|Kwilu|Idiofa-Ikubi|bg|1986-XX-XX,79685,T->A,
Node451,KJ642612|Homo_sapiens|DRC|Kwilu|Idiofa-Ikubi|bg|1986-XX-XX,92420,T->C,
Node451,KJ642612|Homo_sapiens|DRC|Kwilu|Idiofa-Ikubi|bg|1986-XX-XX,93287,A->G,
Node451,KJ642612|Homo_sapiens|DRC|Kwilu|Idiofa-Ikubi|bg|1986-XX-XX,99197,G->A,GC
Node451,KJ642612|Homo_sapiens|DRC|Kwilu|Idiofa-Ikubi|bg|1986-XX-XX,120179,C->T,TC
Node451,KJ642612|Homo_sapiens|DRC|Kwilu|Idiofa-Ikubi|bg|1986-XX-XX,130466,C->A,
Node451,KJ642612|Homo_sapiens|DRC|Kwilu|Idiofa-Ikubi|bg|1986-XX-XX,153215,T->A,
Node451,KJ642612|Homo_sapiens|DRC|Kwilu|Idiofa-Ikubi|bg|1986-XX-XX,153728,T->C,
Node451,KJ642612|Homo_sapiens|DRC|Kwilu|Idiofa-Ikubi|bg|1986-XX-XX,169500,G->A,GT
Node451,KJ642612|Homo_sapiens|DRC|Kwilu|Idiofa-Ikubi|bg|1986-XX-XX,169501,T->A,
Node451,KJ642612|Homo_sapiens|DRC|Kwilu|Idiofa-Ikubi|bg|1986-XX-XX,176169,C->T,TC
Node451,KJ642612|Homo_sapiens|DRC|Kwilu|Idiofa-Ikubi|bg|1986-XX-XX,178923,A->G,
Node451,KJ642612|Homo_sapiens|DRC|Kwilu|Idiofa-Ikubi|bg|1986-XX-XX,181309,C->T,AC
Node451,KJ642612|Homo_sapiens|DRC|Kwilu|Idiofa-Ikubi|bg|1986-XX-XX,187363,T->C,
Node451,KJ642612|Homo_sapiens|DRC|Kwilu|Idiofa-Ikubi|bg|1986-XX-XX,189996,A->G,
Node5,Node473,1899,G->A,GA
Node5,Node473,97172,G->A,GG
Node5,Node473,107603,G->T,
Node5,Node473,120895,C->T,GC
Node5,Node473,123589,C->T,GC
Node5,Node473,146465,A->G,
Node473,Node474,10968,G->A,GT
Node473,Node474,12226,T->A,
Node473,Node474,18753,T->C,
Node473,Node474,41011,A->G,
Node473,Node474,68456,T->C,
Node473,Node474,72172,G->A,GG
Node473,Node474,117575,C->T,AC
Node473,Node474,169501,T->A,
Node473,Node474,172992,A->T,
Node474,KJ642618|Homo_sapiens|Cameroon|Centre-Region|Ekoumdouma|bg|1989-12-11,2113,G->A,GC
Node474,KJ642618|Homo_sapiens|Cameroon|Centre-Region|Ekoumdouma|bg|1989-12-11,8339,A->C,
Node474,KJ642618|Homo_sapiens|Cameroon|Centre-Region|Ekoumdouma|bg|1989-12-11,17986,C->T,AC
Node474,KJ642618|Homo_sapiens|Cameroon|Centre-Region|Ekoumdouma|bg|1989-12-11,23078,C->A,
Node474,KJ642618|Homo_sapiens|Cameroon|Centre-Region|Ekoumdouma|bg|1989-12-11,35082,G->A,GG
Node474,KJ642618|Homo_sapiens|Cameroon|Centre-Region|Ekoumdouma|bg|1989-12-11,37265,A->G,
Node474,KJ642618|Homo_sapiens|Cameroon|Centre-Region|Ekoumdouma|bg|1989-12-11,48428,G->T,
Node474,KJ642618|Homo_sapiens|Cameroon|Centre-Region|Ekoumdouma|bg|1989-12-11,49560,G->A,GT
Node474,KJ642618|Homo_sapiens|Cameroon|Centre-Region|Ekoumdouma|bg|1989-12-11,66481,G->A,GC
Node474,KJ642618|Homo_sapiens|Cameroon|Centre-Region|Ekoumdouma|bg|1989-12-11,90629,A->G,
Node474,KJ642618|Homo_sapiens|Cameroon|Centre-Region|Ekoumdouma|bg|1989-12-11,105267,G->T,
Node474,KJ642618|Homo_sapiens|Cameroon|Centre-Region|Ekoumdouma|bg|1989-12-11,111300,C->T,GC
Node474,KJ642618|Homo_sapiens|Cameroon|Centre-Region|Ekoumdouma|bg|1989-12-11,135361,G->A,GG
Node474,KJ642618|Homo_sapiens|Cameroon|Centre-Region|Ekoumdouma|bg|1989-12-11,144194,C->T,AC
Node474,KJ642618|Homo_sapiens|Cameroon|Centre-Region|Ekoumdouma|bg|1989-12-11,150575,G->A,GT
Node474,KJ642618|Homo_sapiens|Cameroon|Centre-Region|Ekoumdouma|bg|1989-12-11,154800,C->T,AC
Node474,KJ642618|Homo_sapiens|Cameroon|Centre-Region|Ekoumdouma|bg|1989-12-11,158502,C->A,
Node474,KJ642618|Homo_sapiens|Cameroon|Centre-Region|Ekoumdouma|bg|1989-12-11,159689,C->T,CC
Node474,KJ642618|Homo_sapiens|Cameroon|Centre-Region|Ekoumdouma|bg|1989-12-11,160641,C->T,GC
Node474,KJ642618|Homo_sapiens|Cameroon|Centre-Region|Ekoumdouma|bg|1989-12-11,166075,C->A,
Node474,KJ642618|Homo_sapiens|Cameroon|Centre-Region|Ekoumdouma|bg|1989-12-11,167256,G->T,
Node474,KJ642618|Homo_sapiens|Cameroon|Centre-Region|Ekoumdouma|bg|1989-12-11,169319,G->A,GA
Node474,KJ642618|Homo_sapiens|Cameroon|Centre-Region|Ekoumdouma|bg|1989-12-11,169500,G->A,GA
Node474,KJ642618|Homo_sapiens|Cameroon|Centre-Region|Ekoumdouma|bg|1989-12-11,174273,C->T,GC
Node474,OR943698|Pan_troglodytes|Cameroon|Centre-Region||bg|2016-08-XX,377,C->T,TC
Node474,OR943698|Pan_troglodytes|Cameroon|Centre-Region||bg|2016-08-XX,14097,C->T,AC
Node474,OR943698|Pan_troglodytes|Cameroon|Centre-Region||bg|2016-08-XX,19800,C->T,AC
Node474,OR943698|Pan_troglodytes|Cameroon|Centre-Region||bg|2016-08-XX,20345,C->T,GC
Node474,OR943698|Pan_troglodytes|Cameroon|Centre-Region||bg|2016-08-XX,34179,G->A,GC
Node474,OR943698|Pan_troglodytes|Cameroon|Centre-Region||bg|2016-08-XX,47226,C->A,
Node474,OR943698|Pan_troglodytes|Cameroon|Centre-Region||bg|2016-08-XX,51405,C->T,GC
Node474,OR943698|Pan_troglodytes|Cameroon|Centre-Region||bg|2016-08-XX,57477,G->A,GT
Node474,OR943698|Pan_troglodytes|Cameroon|Centre-Region||bg|2016-08-XX,59900,G->T,
Node474,OR943698|Pan_troglodytes|Cameroon|Centre-Region||bg|2016-08-XX,62040,T->G,
Node474,OR943698|Pan_troglodytes|Cameroon|Centre-Region||bg|2016-08-XX,68870,A->T,
Node474,OR943698|Pan_troglodytes|Cameroon|Centre-Region||bg|2016-08-XX,83029,A->G,
Node474,OR943698|Pan_troglodytes|Cameroon|Centre-Region||bg|2016-08-XX,86441,A->G,
Node474,OR943698|Pan_troglodytes|Cameroon|Centre-Region||bg|2016-08-XX,86606,G->A,GT
Node474,OR943698|Pan_troglodytes|Cameroon|Centre-Region||bg|2016-08-XX,88357,G->A,GT
Node474,OR943698|Pan_troglodytes|Cameroon|Centre-Region||bg|2016-08-XX,89724,G->A,GT
Node474,OR943698|Pan_troglodytes|Cameroon|Centre-Region||bg|2016-08-XX,108752,A->G,
Node474,OR943698|Pan_troglodytes|Cameroon|Centre-Region||bg|2016-08-XX,151247,G->A,GG
Node474,OR943698|Pan_troglodytes|Cameroon|Centre-Region||bg|2016-08-XX,156500,C->T,GC
Node474,OR943698|Pan_troglodytes|Cameroon|Centre-Region||bg|2016-08-XX,169482,A->G,
Node474,OR943698|Pan_troglodytes|Cameroon|Centre-Region||bg|2016-08-XX,169483,C->T,AC
Node474,OR943698|Pan_troglodytes|Cameroon|Centre-Region||bg|2016-08-XX,169496,A->T,
Node474,OR943698|Pan_troglodytes|Cameroon|Centre-Region||bg|2016-08-XX,169497,G->C,
Node474,OR943698|Pan_troglodytes|Cameroon|Centre-Region||bg|2016-08-XX,171133,C->T,GC
Node474,OR943698|Pan_troglodytes|Cameroon|Centre-Region||bg|2016-08-XX,171804,T->A,
Node474,OR943698|Pan_troglodytes|Cameroon|Centre-Region||bg|2016-08-XX,173005,G->A,GG
Node474,OR943698|Pan_troglodytes|Cameroon|Centre-Region||bg|2016-08-XX,173006,G->T,
Node474,OR943698|Pan_troglodytes|Cameroon|Centre-Region||bg|2016-08-XX,178931,T->A,
Node474,OR943698|Pan_troglodytes|Cameroon|Centre-Region||bg|2016-08-XX,178933,G->A,GT
Node474,OR943698|Pan_troglodytes|Cameroon|Centre-Region||bg|2016-08-XX,178960,G->A,GC
Node473,Node475,8367,G->T,
Node473,Node475,10127,C->T,AC
Node473,Node475,11096,G->A,GC
Node473,Node475,15662,G->A,GC
Node473,Node475,18330,G->A,GT
Node473,Node475,23151,G->T,
Node473,Node475,34776,T->C,
Node473,Node475,38072,G->T,
Node473,Node475,41338,C->G,
Node473,Node475,47568,A->G,
Node473,Node475,50134,C->A,
Node473,Node475,50135,G->T,
Node473,Node475,86938,G->A,GC
Node473,Node475,94993,A->G,
Node473,Node475,116980,G->T,
Node473,Node475,137621,G->A,GT
Node473,Node475,150341,C->T,AC
Node473,Node475,150815,T->C,
Node473,Node475,170248,C->T,AC
Node473,Node475,173005,G->A,GG
Node473,Node475,173280,G->A,GG
Node473,Node475,176617,G->A,GC
Node473,Node475,188160,C->T,CC
Node473,Node475,188203,A->G,
Node473,Node475,190140,C->T,GC
Node475,KJ642619|Homo_sapiens|Gabon|Moyen-Ogooue|Lambarene|bg|1987-06-XX,26182,A->T,
Node475,KJ642619|Homo_sapiens|Gabon|Moyen-Ogooue|Lambarene|bg|1987-06-XX,26183,T->A,
Node475,OP498046|Homo_sapiens|Gabon|||bg|1988-XX-XX,11910,G->C,
Node475,OP498046|Homo_sapiens|Gabon|||bg|1988-XX-XX,26645,T->C,
Node475,OP498046|Homo_sapiens|Gabon|||bg|1988-XX-XX,153339,C->T,CC
Node475,OP498046|Homo_sapiens|Gabon|||bg|1988-XX-XX,171409,G->A,GA
Node4,JX878417|Homo_sapiens|DRC|Sankuru|Bena-dibele|bg|2006-12-14,16202,G->A,GT
Node4,JX878417|Homo_sapiens|DRC|Sankuru|Bena-dibele|bg|2006-12-14,19432,G->A,GC
Node4,JX878417|Homo_sapiens|DRC|Sankuru|Bena-dibele|bg|2006-12-14,19836,A->C,
Node4,JX878417|Homo_sapiens|DRC|Sankuru|Bena-dibele|bg|2006-12-14,25699,G->T,
Node4,JX878417|Homo_sapiens|DRC|Sankuru|Bena-dibele|bg|2006-12-14,31836,T->C,
Node4,JX878417|Homo_sapiens|DRC|Sankuru|Bena-dibele|bg|2006-12-14,33749,G->A,GC
Node4,JX878417|Homo_sapiens|DRC|Sankuru|Bena-dibele|bg|2006-12-14,41758,C->T,GC
Node4,JX878417|Homo_sapiens|DRC|Sankuru|Bena-dibele|bg|2006-12-14,49318,G->T,
Node4,JX878417|Homo_sapiens|DRC|Sankuru|Bena-dibele|bg|2006-12-14,49955,C->T,GC
Node4,JX878417|Homo_sapiens|DRC|Sankuru|Bena-dibele|bg|2006-12-14,51487,A->G,
Node4,JX878417|Homo_sapiens|DRC|Sankuru|Bena-dibele|bg|2006-12-14,62009,G->A,GC
Node4,JX878417|Homo_sapiens|DRC|Sankuru|Bena-dibele|bg|2006-12-14,62183,A->G,
Node4,JX878417|Homo_sapiens|DRC|Sankuru|Bena-dibele|bg|2006-12-14,72640,T->C,
Node4,JX878417|Homo_sapiens|DRC|Sankuru|Bena-dibele|bg|2006-12-14,73232,T->G,
Node4,JX878417|Homo_sapiens|DRC|Sankuru|Bena-dibele|bg|2006-12-14,75313,C->T,GC
Node4,JX878417|Homo_sapiens|DRC|Sankuru|Bena-dibele|bg|2006-12-14,89371,G->T,
Node4,JX878417|Homo_sapiens|DRC|Sankuru|Bena-dibele|bg|2006-12-14,93791,C->T,GC
Node4,JX878417|Homo_sapiens|DRC|Sankuru|Bena-dibele|bg|2006-12-14,94019,G->A,GC
Node4,JX878417|Homo_sapiens|DRC|Sankuru|Bena-dibele|bg|2006-12-14,112442,C->A,
Node4,JX878417|Homo_sapiens|DRC|Sankuru|Bena-dibele|bg|2006-12-14,119429,G->A,GT
Node4,JX878417|Homo_sapiens|DRC|Sankuru|Bena-dibele|bg|2006-12-14,124688,G->A,GC
Node4,JX878417|Homo_sapiens|DRC|Sankuru|Bena-dibele|bg|2006-12-14,144147,A->G,
Node4,JX878417|Homo_sapiens|DRC|Sankuru|Bena-dibele|bg|2006-12-14,148082,C->T,CC
Node4,JX878417|Homo_sapiens|DRC|Sankuru|Bena-dibele|bg|2006-12-14,150182,C->A,
Node4,JX878417|Homo_sapiens|DRC|Sankuru|Bena-dibele|bg|2006-12-14,153019,T->C,
Node4,JX878417|Homo_sapiens|DRC|Sankuru|Bena-dibele|bg|2006-12-14,158859,C->T,AC
Node4,JX878417|Homo_sapiens|DRC|Sankuru|Bena-dibele|bg|2006-12-14,168022,C->T,GC
Node4,JX878417|Homo_sapiens|DRC|Sankuru|Bena-dibele|bg|2006-12-14,169483,C->T,AC
Node4,JX878417|Homo_sapiens|DRC|Sankuru|Bena-dibele|bg|2006-12-14,175035,C->T,AC
Node4,JX878417|Homo_sapiens|DRC|Sankuru|Bena-dibele|bg|2006-12-14,178923,A->G,
Node4,JX878417|Homo_sapiens|DRC|Sankuru|Bena-dibele|bg|2006-12-14,178986,C->T,TC
Node4,JX878417|Homo_sapiens|DRC|Sankuru|Bena-dibele|bg|2006-12-14,180434,T->A,
Node4,JX878417|Homo_sapiens|DRC|Sankuru|Bena-dibele|bg|2006-12-14,180920,G->A,GC
Node4,JX878417|Homo_sapiens|DRC|Sankuru|Bena-dibele|bg|2006-12-14,189289,G->A,GC
Node3,Node476,3003,G->A,GG
Node3,Node476,3181,G->A,GT
Node3,Node476,5366,C->T,GC
Node3,Node476,5968,A->G,
Node3,Node476,7024,C->T,AC
Node3,Node476,7889,G->T,
Node3,Node476,8042,C->T,GC
Node3,Node476,8743,C->T,GC
Node3,Node476,12625,G->A,GC
Node3,Node476,14498,G->T,
Node3,Node476,16560,C->T,CC
Node3,Node476,18958,C->T,GC
Node3,Node476,19038,A->C,
Node3,Node476,19128,T->A,
Node3,Node476,20269,G->A,GA
Node3,Node476,20453,T->C,
Node3,Node476,20455,C->A,
Node3,Node476,20456,A->T,
Node3,Node476,21460,G->T,
Node3,Node476,23021,C->T,AC
Node3,Node476,25635,C->A,
Node3,Node476,27032,C->T,GC
Node3,Node476,28658,G->A,GT
Node3,Node476,29788,T->C,
Node3,Node476,33551,C->T,TC
Node3,Node476,43441,T->C,
Node3,Node476,43996,A->G,
Node3,Node476,44254,C->T,AC
Node3,Node476,47658,G->A,GT
Node3,Node476,48612,A->T,
Node3,Node476,48786,G->T,
Node3,Node476,49030,C->A,
Node3,Node476,52895,T->C,
Node3,Node476,54708,A->G,
Node3,Node476,64899,T->A,
Node3,Node476,69405,C->T,TC
Node3,Node476,78083,T->C,
Node3,Node476,78255,G->A,GG
Node3,Node476,79916,G->A,GA
Node3,Node476,80681,G->A,GT
Node3,Node476,81085,C->T,TC
Node3,Node476,88616,G->A,GT
Node3,Node476,91583,G->A,GT
Node3,Node476,108459,G->A,GT
Node3,Node476,110338,C->A,
Node3,Node476,111091,A->G,
Node3,Node476,111249,C->T,CC
Node3,Node476,119651,C->T,GC
Node3,Node476,120932,G->A,GT
Node3,Node476,120962,C->T,CC
Node3,Node476,123914,G->T,
Node3,Node476,123987,G->A,GC
Node3,Node476,126456,C->A,
Node3,Node476,132024,G->A,GA
Node3,Node476,132286,A->G,
Node3,Node476,133915,G->A,GT
Node3,Node476,133936,A->G,
Node3,Node476,135422,G->A,GT
Node3,Node476,136425,G->A,GT
Node3,Node476,145002,A->T,
Node3,Node476,148361,C->T,AC
Node3,Node476,149955,A->G,
Node3,Node476,150200,T->A,
Node3,Node476,150310,G->A,GC
Node3,Node476,154518,T->C,
Node3,Node476,156500,C->T,GC
Node3,Node476,156635,C->T,AC
Node3,Node476,158612,C->T,AC
Node3,Node476,159332,C->T,AC
Node3,Node476,160116,G->T,
Node3,Node476,162942,A->C,
Node3,Node476,165027,C->T,GC
Node3,Node476,170928,C->A,
Node3,Node476,178130,G->T,
Node3,Node476,182469,C->T,GC
Node3,Node476,184213,G->T,
Node476,Node477,165597,C->A,
Node477,Node480,115484,G->A,GA
Node480,Node481,148734,A->T,
Node481,Node482,115484,A->G,
Node481,Node482,159115,G->A,GC
Node482,Node483,18157,T->C,
Node482,Node483,123603,C->T,GC
Node482,Node483,157850,A->G,
Node482,Node483,179063,T->C,
Node483,Node487,178557,C->T,CC
Node487,Node488,13744,C->T,TC
Node488,RDC-NKV-GOM-MPOX142C|Homo_sapiens|Sud-Kivu|Kamituga|2023-12-02,107607,G->A,GA
Node488,RDC-NKV-GOM-MPOX167C|Homo_sapiens|Sud-Kivu|Kamituga|2024-01-03,78083,C->T,CC
Node488,RDC-NKV-GOM-MPOX167C|Homo_sapiens|Sud-Kivu|Kamituga|2024-01-03,157684,G->T,
Node488,RDC-NKV-GOM-MPOX167C|Homo_sapiens|Sud-Kivu|Kamituga|2024-01-03,188901,T->C,
Node487,Node494,165597,A->C,
Node494,RDC-NKV-GOM-MPOX095C|Homo_sapiens|Sud-Kivu|Kamituga|2023-11-13,87229,C->T,TC
Node494,RDC-NKV-GOM-MPOX112C|Homo_sapiens|Sud-Kivu|Kamituga|2023-11-14,4360,C->T,GC
Node494,RDC-NKV-GOM-MPOX112C|Homo_sapiens|Sud-Kivu|Kamituga|2023-11-14,78083,C->T,CC
Node494,RDC-NKV-GOM-MPOX112C|Homo_sapiens|Sud-Kivu|Kamituga|2023-11-14,109676,T->C,
Node494,RDC-NKV-GOM-MPOX112C|Homo_sapiens|Sud-Kivu|Kamituga|2023-11-14,146723,G->A,GA
Node494,RDC-NKV-GOM-MPOX180C|Homo_sapiens|Sud-Kivu|Kamituga|2024-01-03,26654,C->T,TC
Node494,RDC-NKV-GOM-MPOX180C|Homo_sapiens|Sud-Kivu|Kamituga|2024-01-03,55230,G->A,GA
Node494,RDC-NKV-GOM-MPOX180C|Homo_sapiens|Sud-Kivu|Kamituga|2024-01-03,57348,C->T,TC
Node487,Node498,115484,G->A,GA
Node498,RDC-NKV-GOM-MPOX195C|Homo_sapiens|Sud-Kivu|Kamituga|2024-01-03,9069,C->T,TC
Node482,Node500,14705,T->C,
Node482,Node500,90597,A->T,
Node482,Node500,95638,C->T,CC
Node482,Node500,109676,T->C,
Node482,Node500,122535,T->C,
Node482,Node500,129252,C->T,GC
Node482,Node500,144941,G->A,GT
Node482,Node500,152301,C->T,CC
Node482,Node500,154518,C->T,GC
Node482,Node500,166661,C->T,GC
Node482,Node500,170801,A->C,
Node482,Node500,180588,C->T,AC
Node500,Node503,31648,G->A,GC
Node500,Node503,38367,C->T,GC
Node500,Node503,115484,G->A,GA
Node500,Node506,165597,A->C,
Node500,Node506,180313,A->G,
Node506,Node510,31648,G->A,GC
Node510,RDC-NKV-GOM-MPOX043C|Homo_sapiens|Sud-Kivu|Kamituga|2023-10-23,938,G->A,GA
Node510,RDC-NKV-GOM-MPOX043C|Homo_sapiens|Sud-Kivu|Kamituga|2023-10-23,3762,C->T,TC
Node510,RDC-NKV-GOM-MPOX043C|Homo_sapiens|Sud-Kivu|Kamituga|2023-10-23,36530,A->C,
Node510,RDC-NKV-GOM-MPOX043C|Homo_sapiens|Sud-Kivu|Kamituga|2023-10-23,38211,A->G,
Node510,RDC-NKV-GOM-MPOX043C|Homo_sapiens|Sud-Kivu|Kamituga|2023-10-23,104660,G->A,GA
Node510,RDC-NKV-GOM-MPOX043C|Homo_sapiens|Sud-Kivu|Kamituga|2023-10-23,115356,T->A,
Node510,RDC-NKV-GOM-MPOX043C|Homo_sapiens|Sud-Kivu|Kamituga|2023-10-23,133016,T->C,
Node510,RDC-NKV-GOM-MPOX043C|Homo_sapiens|Sud-Kivu|Kamituga|2023-10-23,152644,T->C,
Node510,RDC-NKV-GOM-MPOX043C|Homo_sapiens|Sud-Kivu|Kamituga|2023-10-23,152648,T->A,
Node510,Node512,34836,G->A,GA
Node506,RDC-NKV-GOM-MPOX204C|Homo_sapiens|Sud-Kivu|Kamituga|2024-01-03,103660,G->A,GA
Node500,RDC-NKV-GOM-MPOX196Or|Homo_sapiens|Sud-Kivu|Kamituga|2024-01-03,13744,C->T,TC
Node480,PP601217_24MPX0221V|Homo_sapiens|DRC|Sud-Kivu|Kamituga|bg|2024-01-26,183181,G->A,GC
Node480,PP601222_24MPX0230C|Homo_sapiens|DRC|Sud-Kivu|Kamituga|bg|2023-12-31,89000,G->A,GA
Node480,PP601222_24MPX0230C|Homo_sapiens|DRC|Sud-Kivu|Kamituga|bg|2023-12-31,127619,A->G,
Node480,PP601225_24MPX0240V|Homo_sapiens|DRC|Sud-Kivu|Kamituga|bg|2024-01-14,57332,G->A,GA
Node477,Node521,13744,C->T,TC
Node521,Node525,4018,C->T,TC
Node477,Node520,167805,A->G,
Node476,PP601228_RDC-NKV-GOM-MPOX-010|Homo_sapiens|DRC|Sud-Kivu|Kamituga|bg|2023-10-13,84244,G->A,GA
